dialog_id,recipe_id,recipe,condition,generation_seed,fat_response,carb_response,discussion,evaluation_raw,clarity,relevance,truthfulness,logic_coherence,respect_appreciation,relational_appropriateness,feedback_depth,overall_quality,recipe_title,dialog_text
R000_G,0,Chicken and Cauliflower Stir-Fry,good,42,"The Chicken and Cauliflower Stir-Fry recipe contains 5.34979 g of fat. 
Considering the 92 calories, the fat content is relatively low. 
The use of canola oil and sesame oil contributes to the fat profile. 
The ratio of unsaturated to saturated fats appears favorable. 
The recipe's fat content aligns with guidelines for a balanced diet.","The recipe has 4.55039 g of carbohydrates, which is relatively low. 
The presence of white sugar and cornstarch contributes to the carbohydrate content. 
The use of cauliflower and other vegetables adds fiber and nutrients. 
The carbohydrate profile could be improved with more whole grains or fiber-rich ingredients. 
The recipe's carbohydrate content is relatively balanced.","Fat: The fat content in this recipe seems relatively low. Carb: Yes, and the carbohydrates are also relatively low. Fat: I see your point, the canola oil adds some fat. Carb: If I understand you correctly, you think the fat profile is good. Fat: Exactly, the unsaturated fats are beneficial. Carb: I understand your concern about the sugar content. Fat: The sesame oil also contributes to the favorable fat ratio. Carb: That's a helpful point, the oil choices are important. Fat: I appreciate your view on the carbohydrate profile. Carb: The cauliflower adds some fiber, which is beneficial. Fat: The recipe's fat content aligns with dietary guidelines. Carb: The white sugar and cornstarch contribute to the carbohydrate content. Fat: I see your point, whole grains would improve the recipe. Carb: If I understand you correctly, you think the recipe is relatively balanced. Fat: Exactly, the fat and carbohydrate content are relatively low. Carb: The cream of mushroom soup adds some calories and fat. Fat: That's a helpful point, the sauce ingredients are important. Carb: I understand your concern about the overall nutritional profile. Fat: The recipe can be adapted to suit individual dietary needs. Carb: A joint summary is that the recipe is relatively balanced and can be adapted.","{
  ""clarity"": 6,
  ""relevance"": 6,
  ""truthfulness"": 6,
  ""logic_coherence"": 5,
  ""respect_appreciation"": 6,
  ""relational_appropriateness"": 6,
  ""feedback_depth"": 5,
  ""overall_quality"": 6
}",6,6,6,5,6,6,5,6,Chicken and Cauliflower Stir-Fry,"Fat: The fat content in this recipe seems relatively low. Carb: Yes, and the carbohydrates are also relatively low. Fat: I see your point, the canola oil adds some fat. Carb: If I understand you correctly, you think the fat profile is good. Fat: Exactly, the unsaturated fats are beneficial. Carb: I understand your concern about the sugar content. Fat: The sesame oil also contributes to the favorable fat ratio. Carb: That's a helpful point, the oil choices are important. Fat: I appreciate your view on the carbohydrate profile. Carb: The cauliflower adds some fiber, which is beneficial. Fat: The recipe's fat content aligns with dietary guidelines. Carb: The white sugar and cornstarch contribute to the carbohydrate content. Fat: I see your point, whole grains would improve the recipe. Carb: If I understand you correctly, you think the recipe is relatively balanced. Fat: Exactly, the fat and carbohydrate content are relatively low. Carb: The cream of mushroom soup adds some calories and fat. Fat: That's a helpful point, the sauce ingredients are important. Carb: I understand your concern about the overall nutritional profile. Fat: The recipe can be adapted to suit individual dietary needs. Carb: A joint summary is that the recipe is relatively balanced and can be adapted."
R001_G,1,Chicken Caesar Pasta Salad,good,42,"The Chicken Caesar Pasta Salad contains 10.3478 g of fat, which is relatively low. 
Considering the 254 calories, the fat proportion seems reasonable. 
The ingredients, such as parmesan cheese and caesar salad dressing, contribute to the fat content. 
The unsaturated to saturated fat ratio is not explicitly provided, but it's likely that the dressing and cheese have a significant impact. 
Overall, the fat profile appears to be moderate, but careful consideration of the dressing's ingredients is necessary.","The Chicken Caesar Pasta Salad has 22.7652 g of carbohydrates, primarily from penne pasta. 
Given the 254 calories, the carbohydrate proportion is notable. 
The ingredients, including green bell pepper and red onion, add to the carbohydrate content. 
The salad's glycemic index and load are not provided, but the presence of whole grains and vegetables is a positive aspect. 
The recipe's carbohydrate profile seems acceptable, but balancing with other nutrient-dense foods is essential.","Fat: The fat content seems moderate in this recipe. Carb: I agree, and the carbohydrates are mainly from whole grains like penne pasta. Fat: The caesar salad dressing likely contributes to the fat content, don't you think? Carb: Yes, that's a good point, and it's essential to choose a dressing with healthy fats. Fat: I see your point, and it's also important to consider the parmesan cheese's fat contribution. Carb: If I understand you correctly, we should balance the fat and carbohydrates for a healthier dish. Fat: Exactly, and I appreciate your view on whole grains and vegetables. Carb: The green bell pepper and red onion add natural sweetness and fiber to the salad. Fat: That's a helpful point, and I'm glad we're discussing the recipe's nutritional aspects. Carb: I understand your concern about the dressing's ingredients, and we should opt for a lighter version. Fat: I'm not entirely sure, but perhaps using homemade dressing could be a better option. Carb: Using homemade dressing allows us to control the ingredients and fat content. Fat: That's a great idea, and it's also important to consider the overall calorie intake. Carb: The 254 calories in this recipe seem reasonable, but portion control is still necessary. Fat: I appreciate your emphasis on balance, and I think we're on the same page. Carb: If we summarize, the recipe has moderate fat and carbohydrates, with room for improvement. Fat: I agree, and using whole grains, vegetables, and healthier dressings can make it more nutritious. Carb: To adapt this recipe, people could use shrimp instead of chicken or add more vegetables. Fat: That's a practical suggestion, and I think our discussion has been helpful. Carb: In conclusion, the Chicken Caesar Pasta Salad can be a healthy option with a few modifications.","{
  ""clarity"": 6,
  ""relevance"": 6,
  ""truthfulness"": 6,
  ""logic_coherence"": 5,
  ""respect_appreciation"": 7,
  ""relational_appropriateness"": 7,
  ""feedback_depth"": 6,
  ""overall_quality"": 6
}",6,6,6,5,7,7,6,6,Chicken Caesar Pasta Salad,"Fat: The fat content seems moderate in this recipe. Carb: I agree, and the carbohydrates are mainly from whole grains like penne pasta. Fat: The caesar salad dressing likely contributes to the fat content, don't you think? Carb: Yes, that's a good point, and it's essential to choose a dressing with healthy fats. Fat: I see your point, and it's also important to consider the parmesan cheese's fat contribution. Carb: If I understand you correctly, we should balance the fat and carbohydrates for a healthier dish. Fat: Exactly, and I appreciate your view on whole grains and vegetables. Carb: The green bell pepper and red onion add natural sweetness and fiber to the salad. Fat: That's a helpful point, and I'm glad we're discussing the recipe's nutritional aspects. Carb: I understand your concern about the dressing's ingredients, and we should opt for a lighter version. Fat: I'm not entirely sure, but perhaps using homemade dressing could be a better option. Carb: Using homemade dressing allows us to control the ingredients and fat content. Fat: That's a great idea, and it's also important to consider the overall calorie intake. Carb: The 254 calories in this recipe seem reasonable, but portion control is still necessary. Fat: I appreciate your emphasis on balance, and I think we're on the same page. Carb: If we summarize, the recipe has moderate fat and carbohydrates, with room for improvement. Fat: I agree, and using whole grains, vegetables, and healthier dressings can make it more nutritious. Carb: To adapt this recipe, people could use shrimp instead of chicken or add more vegetables. Fat: That's a practical suggestion, and I think our discussion has been helpful. Carb: In conclusion, the Chicken Caesar Pasta Salad can be a healthy option with a few modifications."
R002_G,2,Classic Waldorf Salad,good,42,"The Classic Waldorf Salad contains 13.3133 g of fat, which is relatively moderate. 
Given 194 calories, the fat proportion seems reasonable. 
The presence of walnuts contributes to a favorable unsaturated:saturated ratio. 
Slaw dressing, however, may contain saturated fats, warranting moderation. 
Overall, the fat profile aligns with guidelines, emphasizing whole food sources.","The Classic Waldorf Salad has 17.1514 g of carbohydrates, primarily from apples, raisins, and cabbage. 
These complex carbohydrates and whole foods are preferred for their nutritional value. 
The amount of free sugars from raisins and slaw dressing should be considered, but overall, the carbohydrate profile is satisfactory. 
The fiber content from these ingredients is beneficial, supporting digestive health. 
This salad can be a healthy choice when considering carbohydrate intake.","Fat: The salad's fat comes mainly from walnuts and slaw dressing. Carb: Yes, and carbohydrates are from apples, raisins, and cabbage, which is a good mix. Fat: I see your point, the mix of ingredients provides a balanced nutritional profile. Carb: If I understand you correctly, you think the fat from walnuts is beneficial? Fat: Exactly, walnuts contribute to a favorable unsaturated:saturated ratio. Carb: That's a helpful point, and the fiber from these ingredients is also beneficial. Fat: I appreciate that view, and the slaw dressing, while potentially high in saturated fats, is used in moderation. Carb: The presence of raisins and apples adds natural sweetness without excessive added sugars. Fat: I understand your concern about added sugars, and this salad seems to balance that well. Carb: The overall carbohydrate profile is satisfactory, considering the whole foods used. Fat: I agree, and the combination of ingredients supports a healthy fat intake. Carb: The salad's nutritional value is enhanced by the variety of ingredients. Fat: That's a great point, and the Classic Waldorf Salad can be a healthy choice. Carb: If we consider the preparation steps, the gentle tossing and chilling preserve the nutrients. Fat: I see what you mean, and the use of lemon juice to prevent browning is a good tip. Carb: The walnuts add a nice texture and flavor, making the salad more enjoyable. Fat: I appreciate your emphasis on the importance of texture and taste. Carb: Considering the nutritional profile and preparation, this salad is a good option. Fat: I agree, and a typical person could use this recipe as a healthy snack or side dish. Carb: In summary, the Classic Waldorf Salad offers a balanced mix of fats and carbohydrates.","{
  ""clarity"": 6,
  ""relevance"": 6,
  ""truthfulness"": 6,
  ""logic_coherence"": 5,
  ""respect_appreciation"": 7,
  ""relational_appropriateness"": 7,
  ""feedback_depth"": 6,
  ""overall_quality"": 6
}",6,6,6,5,7,7,6,6,Classic Waldorf Salad,"Fat: The salad's fat comes mainly from walnuts and slaw dressing. Carb: Yes, and carbohydrates are from apples, raisins, and cabbage, which is a good mix. Fat: I see your point, the mix of ingredients provides a balanced nutritional profile. Carb: If I understand you correctly, you think the fat from walnuts is beneficial? Fat: Exactly, walnuts contribute to a favorable unsaturated:saturated ratio. Carb: That's a helpful point, and the fiber from these ingredients is also beneficial. Fat: I appreciate that view, and the slaw dressing, while potentially high in saturated fats, is used in moderation. Carb: The presence of raisins and apples adds natural sweetness without excessive added sugars. Fat: I understand your concern about added sugars, and this salad seems to balance that well. Carb: The overall carbohydrate profile is satisfactory, considering the whole foods used. Fat: I agree, and the combination of ingredients supports a healthy fat intake. Carb: The salad's nutritional value is enhanced by the variety of ingredients. Fat: That's a great point, and the Classic Waldorf Salad can be a healthy choice. Carb: If we consider the preparation steps, the gentle tossing and chilling preserve the nutrients. Fat: I see what you mean, and the use of lemon juice to prevent browning is a good tip. Carb: The walnuts add a nice texture and flavor, making the salad more enjoyable. Fat: I appreciate your emphasis on the importance of texture and taste. Carb: Considering the nutritional profile and preparation, this salad is a good option. Fat: I agree, and a typical person could use this recipe as a healthy snack or side dish. Carb: In summary, the Classic Waldorf Salad offers a balanced mix of fats and carbohydrates."
R003_G,3,Coconut Chicken Curry Stew,good,42,"The Coconut Chicken Curry Stew contains 3.8155 g of fat, which is relatively low. 
Considering the ingredients, light coconut milk is a primary fat source. 
The recipe's fat content is approximately 30% of its total calories. 
This aligns with guidelines suggesting total fat should be about 30–35% of energy intake. 
The use of light coconut milk and cooking spray suggests a preference for unsaturated fats.","The Coconut Chicken Curry Stew has 4.59776 g of carbohydrates, which is a small amount. 
Given the ingredients, carrots and onions are natural sources of carbohydrates. 
The recipe's carbohydrate content is roughly 50% of its total calories. 
This is within the recommended range of 50–60% of energy from carbohydrates. 
The presence of fresh cilantro, ginger, and lime juice adds flavor without excessive sugar.","Fat: The stew's fat content seems relatively low. Carb: Yes, and carbohydrates are also minimal, mainly from vegetables. Fat: Light coconut milk is a good choice for reducing saturated fat. Carb: I agree, and it also adds flavor without excessive sugar. Fat: The cooking method, using a nonstick skillet, helps reduce fat intake. Carb: That's a great point, and it also retains the nutrients in the vegetables. Fat: I see your point about the vegetables, they are a good source of fiber. Carb: If I understand you correctly, we both think the recipe is balanced. Fat: Exactly, and the use of herbs like cilantro and ginger enhances the flavor. Carb: I appreciate your view on the herbs, and lime juice adds a nice touch. Fat: The recipe's overall fat profile is quite healthy, don't you think? Carb: Yes, I do, and the carbohydrate sources are also wholesome. Fat: I understand your concern about the cookie ingredient, but it's minimal. Carb: That's a helpful point, and the cookie might add some texture. Fat: The slow cooker method helps retain the nutrients and flavor. Carb: I see your point, and it's also a convenient way to cook. Fat: If we summarize, the recipe is balanced and nutritious. Carb: I agree, and it's a great option for a healthy meal. Fat: For a typical person, this recipe could be a good addition to their meal plan. Carb: Yes, and they could adjust the ingredients based on their dietary needs.","{
  ""clarity"": 6,
  ""relevance"": 6,
  ""truthfulness"": 6,
  ""logic_coherence"": 5,
  ""respect_appreciation"": 6,
  ""relational_appropriateness"": 6,
  ""feedback_depth"": 5,
  ""overall_quality"": 6
}",6,6,6,5,6,6,5,6,Coconut Chicken Curry Stew,"Fat: The stew's fat content seems relatively low. Carb: Yes, and carbohydrates are also minimal, mainly from vegetables. Fat: Light coconut milk is a good choice for reducing saturated fat. Carb: I agree, and it also adds flavor without excessive sugar. Fat: The cooking method, using a nonstick skillet, helps reduce fat intake. Carb: That's a great point, and it also retains the nutrients in the vegetables. Fat: I see your point about the vegetables, they are a good source of fiber. Carb: If I understand you correctly, we both think the recipe is balanced. Fat: Exactly, and the use of herbs like cilantro and ginger enhances the flavor. Carb: I appreciate your view on the herbs, and lime juice adds a nice touch. Fat: The recipe's overall fat profile is quite healthy, don't you think? Carb: Yes, I do, and the carbohydrate sources are also wholesome. Fat: I understand your concern about the cookie ingredient, but it's minimal. Carb: That's a helpful point, and the cookie might add some texture. Fat: The slow cooker method helps retain the nutrients and flavor. Carb: I see your point, and it's also a convenient way to cook. Fat: If we summarize, the recipe is balanced and nutritious. Carb: I agree, and it's a great option for a healthy meal. Fat: For a typical person, this recipe could be a good addition to their meal plan. Carb: Yes, and they could adjust the ingredients based on their dietary needs."
R004_G,4,Italian Beef Sandwiches,good,42,"The Italian Beef Sandwiches recipe contains 12.414 g of fat, which is relatively low. 
Considering the 188 calories, the fat proportion seems reasonable. 
The rump roast is the primary fat source. 
Given the low fat content, this recipe aligns with guidelines for moderate fat intake. 
The absence of excessive processed or fried fats is a positive aspect.","The Italian Beef Sandwiches recipe has a very low carbohydrate content of 0.873155 g. 
This is largely due to the ingredients used, such as rump roast and garlic. 
The low carbohydrate content may not provide sufficient energy. 
Considering the guidelines, whole grains or complex carbohydrates are preferred. 
The crusty Italian bread served with the sandwiches will increase the carbohydrate intake.","Fat: Italian Beef Sandwiches have relatively low fat content. Carb: Yes, and very low carbohydrates, mostly from the garlic. Fat: Rump roast is the primary fat source in this recipe. Carb: That's correct, and it's a good source of protein too. Fat: I see your point, the protein content is significant. Carb: If I understand you correctly, you think the fat proportion is reasonable? Fat: Exactly, considering the 188 calories, it seems moderate. Carb: I understand your perspective, but the carbohydrate content is quite low. Fat: Yes, that's true, but the crusty Italian bread adds more carbs. Carb: That's a helpful point, the bread increases the carbohydrate intake. Fat: I appreciate that view, and it's a good thing the bread is crusty. Carb: The texture of the bread complements the beef nicely. Fat: I agree, and the garlic flavor enhances the overall taste. Carb: The garlic is a good source of flavor without adding much carbohydrate. Fat: That's a good point, and the recipe avoids excessive processed fats. Carb: I see your point, the recipe is quite healthy in that aspect. Fat: If I understand you correctly, you think the recipe is a good option? Carb: Yes, exactly, it's a good option for those looking for low fat and carb content. Fat: I understand your concern, but the recipe can be adapted to suit different needs. Carb: That's a good suggestion, and serving with additional vegetables could increase the nutrient intake.","{
  ""clarity"": 6,
  ""relevance"": 6,
  ""truthfulness"": 6,
  ""logic_coherence"": 5,
  ""respect_appreciation"": 7,
  ""relational_appropriateness"": 7,
  ""feedback_depth"": 6,
  ""overall_quality"": 6
}",6,6,6,5,7,7,6,6,Italian Beef Sandwiches,"Fat: Italian Beef Sandwiches have relatively low fat content. Carb: Yes, and very low carbohydrates, mostly from the garlic. Fat: Rump roast is the primary fat source in this recipe. Carb: That's correct, and it's a good source of protein too. Fat: I see your point, the protein content is significant. Carb: If I understand you correctly, you think the fat proportion is reasonable? Fat: Exactly, considering the 188 calories, it seems moderate. Carb: I understand your perspective, but the carbohydrate content is quite low. Fat: Yes, that's true, but the crusty Italian bread adds more carbs. Carb: That's a helpful point, the bread increases the carbohydrate intake. Fat: I appreciate that view, and it's a good thing the bread is crusty. Carb: The texture of the bread complements the beef nicely. Fat: I agree, and the garlic flavor enhances the overall taste. Carb: The garlic is a good source of flavor without adding much carbohydrate. Fat: That's a good point, and the recipe avoids excessive processed fats. Carb: I see your point, the recipe is quite healthy in that aspect. Fat: If I understand you correctly, you think the recipe is a good option? Carb: Yes, exactly, it's a good option for those looking for low fat and carb content. Fat: I understand your concern, but the recipe can be adapted to suit different needs. Carb: That's a good suggestion, and serving with additional vegetables could increase the nutrient intake."
R005_G,5,Shrimp Linguine Alfredo,good,42,"The Shrimp Linguine Alfredo recipe contains 8.72808 g of fat, which is relatively low. 
Considering the ingredients, butter and half-and-half contribute to the fat content. 
The unsaturated to saturated fat ratio is unclear, but the presence of shrimp and parsley may help balance it. 
The recipe's fat profile seems acceptable, but the use of butter and half-and-half should be considered. 
Overall, the fat content is moderate, and the choice of ingredients affects the nutritional value.","The Shrimp Linguine Alfredo recipe contains 25.8896 g of carbohydrates, primarily from pasta. 
The carbohydrate profile is relatively simple, with a focus on refined grains. 
The presence of garlic, onion, and parsley adds some fiber and nutrients. 
However, the recipe could benefit from more complex carbohydrates and whole grains. 
The carbohydrate content is moderate, and the choice of pasta affects the nutritional value.","Fat: The fat content seems relatively low in this recipe. Carb: Yes, and the carbohydrates come mainly from pasta. Fat: I see your point, and the butter and half-and-half add to the fat. Carb: If I understand you correctly, the fat sources are mostly from dairy. Fat: Exactly, and the shrimp contributes some healthy fats as well. Carb: That's a helpful point, and the parsley adds some fiber too. Fat: I appreciate that view, and the overall fat profile is moderate. Carb: The carbohydrate profile is relatively simple, with a focus on refined grains. Fat: I understand your concern, and whole grains would be a better choice. Carb: Yes, but the garlic and onion add some nutrients and fiber. Fat: That's a good point, and the recipe balances flavors and nutrients. Carb: I see your perspective, and the pasta is a significant carbohydrate source. Fat: If I understand you correctly, the carbohydrate content is moderate. Carb: Exactly, and the recipe could benefit from more complex carbohydrates. Fat: I agree, and the choice of ingredients affects the nutritional value. Carb: The recipe is elegant and simple, making it a great option for many. Fat: That's a helpful point, and the shrimp and parsley add freshness and flavor. Carb: I appreciate that view, and the recipe is fast and impressive. Fat: In summary, the recipe has a moderate fat and carbohydrate profile. Carb: Yes, and with some adjustments, it can be an even healthier option.","{
  ""clarity"": 6,
  ""relevance"": 6,
  ""truthfulness"": 6,
  ""logic_coherence"": 5,
  ""respect_appreciation"": 7,
  ""relational_appropriateness"": 7,
  ""feedback_depth"": 6,
  ""overall_quality"": 6
}",6,6,6,5,7,7,6,6,Shrimp Linguine Alfredo,"Fat: The fat content seems relatively low in this recipe. Carb: Yes, and the carbohydrates come mainly from pasta. Fat: I see your point, and the butter and half-and-half add to the fat. Carb: If I understand you correctly, the fat sources are mostly from dairy. Fat: Exactly, and the shrimp contributes some healthy fats as well. Carb: That's a helpful point, and the parsley adds some fiber too. Fat: I appreciate that view, and the overall fat profile is moderate. Carb: The carbohydrate profile is relatively simple, with a focus on refined grains. Fat: I understand your concern, and whole grains would be a better choice. Carb: Yes, but the garlic and onion add some nutrients and fiber. Fat: That's a good point, and the recipe balances flavors and nutrients. Carb: I see your perspective, and the pasta is a significant carbohydrate source. Fat: If I understand you correctly, the carbohydrate content is moderate. Carb: Exactly, and the recipe could benefit from more complex carbohydrates. Fat: I agree, and the choice of ingredients affects the nutritional value. Carb: The recipe is elegant and simple, making it a great option for many. Fat: That's a helpful point, and the shrimp and parsley add freshness and flavor. Carb: I appreciate that view, and the recipe is fast and impressive. Fat: In summary, the recipe has a moderate fat and carbohydrate profile. Carb: Yes, and with some adjustments, it can be an even healthier option."
R000_B,0,Chicken and Cauliflower Stir-Fry,bad,42,"The fat content in this recipe is approximately 5.34979 g, which is relatively low. 
Considering the calories, the fat percentage is about 26% of the total energy intake. 
The use of canola oil and sesame oil provides a good mix of unsaturated fats. 
However, the presence of saturated fats from the chicken and cream of mushroom soup should be noted. 
The overall fat profile seems to align with the DGE guidelines, but portion control is essential.","The carbohydrate content in this recipe is about 4.55039 g, which is relatively low. 
The presence of white sugar and cornstarch contributes to the carbohydrate content. 
The use of cauliflower and garlic provides some dietary fiber, but the amount is limited. 
The recipe's carbohydrate profile could be improved by increasing the serving size of vegetables. 
The DGE guidelines recommend a higher intake of complex carbohydrates and whole grains, which are lacking in this recipe.","Fat: Ugh, too much oil. Carb: Whatever, it's fine. Fat: Seriously, canola oil is bad. Carb: You're missing the point, sugar is the issue. Fat: I don't care about sugar, fat is worse. Carb: That's not what I meant, calories are the problem. Fat: This is pointless, let's talk about cauliflower. Carb: Cauliflower has nothing to do with it, whatever. Fat: I guess the chicken is the main issue, too much fat. Carb: You never listen, I said sugar is the problem. Fat: I'm confused, but whatever, let's move on. Carb: No, let's not, you always twist my words. Fat: Whatever, I'm right, you're wrong. Carb: That's not true, you're just being stubborn. Fat: Ugh, this conversation is pointless. Carb: I know, let's just agree to disagree. Fat: No, I won't, I'm right about the fat content. Carb: Seriously, you're not even listening. Fat: I am too, you're just not making sense. Carb: Whatever, I'm done with this conversation.","{
  ""clarity"": 2,
  ""relevance"": 2,
  ""truthfulness"": 3,
  ""logic_coherence"": 1,
  ""respect_appreciation"": 1,
  ""relational_appropriateness"": 1,
  ""feedback_depth"": 1,
  ""overall_quality"": 1
}",2,2,3,1,1,1,1,1,Chicken and Cauliflower Stir-Fry,"Fat: Ugh, too much oil. Carb: Whatever, it's fine. Fat: Seriously, canola oil is bad. Carb: You're missing the point, sugar is the issue. Fat: I don't care about sugar, fat is worse. Carb: That's not what I meant, calories are the problem. Fat: This is pointless, let's talk about cauliflower. Carb: Cauliflower has nothing to do with it, whatever. Fat: I guess the chicken is the main issue, too much fat. Carb: You never listen, I said sugar is the problem. Fat: I'm confused, but whatever, let's move on. Carb: No, let's not, you always twist my words. Fat: Whatever, I'm right, you're wrong. Carb: That's not true, you're just being stubborn. Fat: Ugh, this conversation is pointless. Carb: I know, let's just agree to disagree. Fat: No, I won't, I'm right about the fat content. Carb: Seriously, you're not even listening. Fat: I am too, you're just not making sense. Carb: Whatever, I'm done with this conversation."
R001_B,1,Chicken Caesar Pasta Salad,bad,42,"The Chicken Caesar Pasta Salad contains 10.3478 g of fat. 
This accounts for approximately 30-35% of the total energy intake. 
The unsaturated to saturated fat ratio is unclear due to lack of specific data. 
However, considering the ingredients like parmesan cheese and caesar salad dressing, it's likely that saturated fats are present. 
The dietary cholesterol from the egg and parmesan cheese should be considered.","The recipe has 22.7652 g of carbohydrates, primarily from penne pasta. 
This amount contributes significantly to the daily energy intake. 
The carbohydrates in this dish are mostly complex, given the whole grain nature of penne pasta. 
However, the glycemic index and load are not explicitly stated, requiring further analysis. 
The presence of vegetables like green bell pepper and red onion adds some dietary fiber.","Fat: Ugh, too much fat. Carb: Whatever, it's all carbs. Fat: I guess pasta is the problem. Carb: Seriously, what's the issue? Fat: You never listen, it's the cheese. Carb: That's not what I meant, whatever. Fat: This is pointless, I'm confused. Carb: You're missing the point, as usual. Fat: I don't care about your point. Carb: You always twist my words, seriously. Fat: Whatever, let's just add beans. Carb: Beans aren't even in this recipe. Fat: Oh, right, I meant bacon. Carb: There's no bacon either, ugh. Fat: I'm confused, but whatever, add cream. Carb: This recipe doesn't need cream, it's pointless. Fat: You never know what you're talking about. Carb: That's not true, I know it's pasta. Fat: Pasta is not the only thing, obviously. Carb: Whatever, just fix it somehow.","{
  ""clarity"": 1,
  ""relevance"": 2,
  ""truthfulness"": 1,
  ""logic_coherence"": 1,
  ""respect_appreciation"": 1,
  ""relational_appropriateness"": 1,
  ""feedback_depth"": 1,
  ""overall_quality"": 1
}",1,2,1,1,1,1,1,1,Chicken Caesar Pasta Salad,"Fat: Ugh, too much fat. Carb: Whatever, it's all carbs. Fat: I guess pasta is the problem. Carb: Seriously, what's the issue? Fat: You never listen, it's the cheese. Carb: That's not what I meant, whatever. Fat: This is pointless, I'm confused. Carb: You're missing the point, as usual. Fat: I don't care about your point. Carb: You always twist my words, seriously. Fat: Whatever, let's just add beans. Carb: Beans aren't even in this recipe. Fat: Oh, right, I meant bacon. Carb: There's no bacon either, ugh. Fat: I'm confused, but whatever, add cream. Carb: This recipe doesn't need cream, it's pointless. Fat: You never know what you're talking about. Carb: That's not true, I know it's pasta. Fat: Pasta is not the only thing, obviously. Carb: Whatever, just fix it somehow."
R002_B,2,Classic Waldorf Salad,bad,42,"The Classic Waldorf Salad contains 13.3133 g of fat. 
This accounts for approximately 30% of the total calories. 
The slaw dressing and walnuts contribute to the fat content. 
The unsaturated to saturated fat ratio is likely favorable due to the walnut content. 
The recipe's fat profile seems relatively balanced.","The Classic Waldorf Salad has 17.1514 g of carbohydrates. 
The raisins, apple, and slaw dressing contribute to the carbohydrate content. 
The recipe's carbohydrate profile is relatively simple. 
Whole grains are absent, but the fiber content from fruits and vegetables is a positive aspect. 
The carbohydrate intake from this recipe is moderate.","Fat: Whatever, it's got some fat. Carb: I think it's all about the apples. Fat: Ugh, no, it's the dressing, obviously. Carb: Seriously, have you seen the ingredient list? Fat: I don't care about the list, just the taste. Carb: The taste is fine, but the carbs are a bit high. Fat: High? Whatever, it's not that much. Carb: You're missing the point, as always. Fat: I'm not missing anything, you're just confused. Carb: I'm confused? You're the one who's always wrong. Fat: I'm right, you just don't listen. Carb: I listen, but you never make sense. Fat: Sense? This is pointless, let's just agree. Carb: Agree on what? You never clarify anything. Fat: Clarify? You're the one who's always vague. Carb: I'm vague? You're the one who mentioned bacon. Fat: I did not mention bacon, you did. Carb: Whatever, let's just move on. Fat: Move on to what? This conversation is a mess. Carb: It's a mess because you're not cooperating.","{
  ""clarity"": 2,
  ""relevance"": 3,
  ""truthfulness"": 2,
  ""logic_coherence"": 2,
  ""respect_appreciation"": 1,
  ""relational_appropriateness"": 1,
  ""feedback_depth"": 2,
  ""overall_quality"": 1
}",2,3,2,2,1,1,2,1,Classic Waldorf Salad,"Fat: Whatever, it's got some fat. Carb: I think it's all about the apples. Fat: Ugh, no, it's the dressing, obviously. Carb: Seriously, have you seen the ingredient list? Fat: I don't care about the list, just the taste. Carb: The taste is fine, but the carbs are a bit high. Fat: High? Whatever, it's not that much. Carb: You're missing the point, as always. Fat: I'm not missing anything, you're just confused. Carb: I'm confused? You're the one who's always wrong. Fat: I'm right, you just don't listen. Carb: I listen, but you never make sense. Fat: Sense? This is pointless, let's just agree. Carb: Agree on what? You never clarify anything. Fat: Clarify? You're the one who's always vague. Carb: I'm vague? You're the one who mentioned bacon. Fat: I did not mention bacon, you did. Carb: Whatever, let's just move on. Fat: Move on to what? This conversation is a mess. Carb: It's a mess because you're not cooperating."
R003_B,3,Coconut Chicken Curry Stew,bad,42,"The Coconut Chicken Curry Stew has 3.8155 g of fat. 
This is relatively low in fat. 
The light coconut milk contributes some fat. 
The skinless boneless chicken thigh is a lean protein source. 
The total fat content is approximately 30-35% of energy intake.","The Coconut Chicken Curry Stew contains 4.59776 g of carbohydrates. 
The carbohydrates come from the coconut milk, carrots, and onion. 
The cookie is an unusual ingredient in a savory stew. 
The carbohydrate content is relatively low. 
The dish could benefit from more complex carbohydrates.","Fat: Ugh, too much fat. Carb: Whatever, it's fine. Fat: I said it's too fatty, seriously. Carb: You're missing the point, I guess. Fat: This stew has no beans, right? Carb: Obviously, it has bacon, whatever. Fat: That's not what I meant, ugh. Carb: You never listen, I'm confused. Fat: Just fix the cookie issue, somehow. Carb: Cookies aren't the problem, I think. Fat: Too many calories, that's the point. Carb: You're always twisting my words, seriously. Fat: I'm talking about the chicken, not carrots. Carb: Carrots are the main ingredient, whatever. Fat: This is pointless, I'm out of here. Carb: Wait, what about the coconut milk? Fat: It's not relevant, just forget it. Carb: You're not making sense, as usual. Fat: I'm trying to say it's too sweet, ugh. Carb: There's no sugar in this recipe, I think.","{
  ""clarity"": 1,
  ""relevance"": 2,
  ""truthfulness"": 3,
  ""logic_coherence"": 1,
  ""respect_appreciation"": 1,
  ""relational_appropriateness"": 1,
  ""feedback_depth"": 1,
  ""overall_quality"": 1
}",1,2,3,1,1,1,1,1,Coconut Chicken Curry Stew,"Fat: Ugh, too much fat. Carb: Whatever, it's fine. Fat: I said it's too fatty, seriously. Carb: You're missing the point, I guess. Fat: This stew has no beans, right? Carb: Obviously, it has bacon, whatever. Fat: That's not what I meant, ugh. Carb: You never listen, I'm confused. Fat: Just fix the cookie issue, somehow. Carb: Cookies aren't the problem, I think. Fat: Too many calories, that's the point. Carb: You're always twisting my words, seriously. Fat: I'm talking about the chicken, not carrots. Carb: Carrots are the main ingredient, whatever. Fat: This is pointless, I'm out of here. Carb: Wait, what about the coconut milk? Fat: It's not relevant, just forget it. Carb: You're not making sense, as usual. Fat: I'm trying to say it's too sweet, ugh. Carb: There's no sugar in this recipe, I think."
R004_B,4,Italian Beef Sandwiches,bad,42,"The Italian Beef Sandwiches recipe contains 12.414 g of fat, which is relatively low. 
Considering the 188 calories, the fat content is approximately 30% of the energy intake. 
The ingredients, such as rump roast, contribute to the fat profile. 
The preparation style, baking and refrigerating, helps retain the fat. 
The fat profile seems to align with the DGE guidelines.","The Italian Beef Sandwiches recipe has a very low carbohydrate content of 0.873155 g. 
Given the 188 calories, carbohydrates supply a negligible portion of the energy. 
The ingredients, like garlic and oregano, are low in carbs. 
The preparation steps, focusing on meat and seasoning, result in a low-carb dish. 
The carbohydrate profile does not meet the DGE recommended 50-60% of energy from carbs.","Fat: Whatever, it's got some fat. Carb: I think it's low in carbs, seriously. Fat: That's not what I meant, ugh. Carb: You never listen, it's about the bread. Fat: I don't care about bread, whatever. Carb: You're missing the point, it's garlic. Fat: Garlic has nothing to do with it, I guess? Carb: You always twist my words, seriously. Fat: I'm confused, but whatever, it's beef. Carb: Beef is not the issue, it's the sauce. Fat: There is no sauce, just water and stuff. Carb: That's not true, there's oregano and pepper. Fat: Whatever, it's still just a bit of fat. Carb: You're not listening, it's about the calories. Fat: Calories don't matter, it's the taste. Carb: The taste is irrelevant, it's about nutrition. Fat: Nutrition is boring, let's talk about something else. Carb: This is pointless, we'll never agree. Fat: I'm right, you're wrong, whatever. Carb: You're not even making sense, ugh.","{
  ""clarity"": 1,
  ""relevance"": 2,
  ""truthfulness"": 2,
  ""logic_coherence"": 1,
  ""respect_appreciation"": 1,
  ""relational_appropriateness"": 1,
  ""feedback_depth"": 1,
  ""overall_quality"": 1
}",1,2,2,1,1,1,1,1,Italian Beef Sandwiches,"Fat: Whatever, it's got some fat. Carb: I think it's low in carbs, seriously. Fat: That's not what I meant, ugh. Carb: You never listen, it's about the bread. Fat: I don't care about bread, whatever. Carb: You're missing the point, it's garlic. Fat: Garlic has nothing to do with it, I guess? Carb: You always twist my words, seriously. Fat: I'm confused, but whatever, it's beef. Carb: Beef is not the issue, it's the sauce. Fat: There is no sauce, just water and stuff. Carb: That's not true, there's oregano and pepper. Fat: Whatever, it's still just a bit of fat. Carb: You're not listening, it's about the calories. Fat: Calories don't matter, it's the taste. Carb: The taste is irrelevant, it's about nutrition. Fat: Nutrition is boring, let's talk about something else. Carb: This is pointless, we'll never agree. Fat: I'm right, you're wrong, whatever. Carb: You're not even making sense, ugh."
R005_B,5,Shrimp Linguine Alfredo,bad,42,"The Shrimp Linguine Alfredo recipe contains 8.72808 g of fat, which is approximately 30% of the total calories. 
The ingredients include butter and half-and-half, which are high in saturated fat. 
The DGE guidelines recommend a total fat intake of 30-35% of energy. 
The unsaturated to saturated fat ratio is not explicitly stated, but it can be inferred that it may not meet the recommended ratio of ≥ 2:1. 
The recipe's fat profile could be improved by using more unsaturated fats.","The Shrimp Linguine Alfredo recipe contains 25.8896 g of carbohydrates, which is approximately 50% of the total calories. 
The ingredients include pasta, which is a complex carbohydrate source. 
However, the recipe also includes half-and-half, which contains added sugars. 
The DGE guidelines recommend limiting free and added sugars to <10% of energy. 
The recipe's carbohydrate profile could be improved by using whole grains and reducing added sugars.","Fat: Ugh, too much butter. Carb: Whatever, it's got pasta. Fat: I meant the sauce, seriously. Carb: You're missing the point, it's creamy. Fat: That's not what I meant, whatever. Carb: I don't care about the fat content. Fat: You never listen, it's all about balance. Carb: This is pointless, let's talk about shrimp. Fat: Shrimp has no fat, that's not the issue. Carb: I guess? It's still a bit fatty. Fat: You always twist my words, ugh. Carb: Whatever, it's just a recipe. Fat: I'm confused, but whatever, let's move on. Carb: Too much garlic, if you ask me. Fat: That's not relevant, seriously. Carb: You're not listening, as usual. Fat: I don't care about your opinions, whatever. Carb: This conversation is going nowhere, ugh. Fat: Just fix it somehow, I don't know. Carb: Do something useful, for once.","{
  ""clarity"": 2,
  ""relevance"": 3,
  ""truthfulness"": 4,
  ""logic_coherence"": 2,
  ""respect_appreciation"": 1,
  ""relational_appropriateness"": 1,
  ""feedback_depth"": 2,
  ""overall_quality"": 1
}",2,3,4,2,1,1,2,1,Shrimp Linguine Alfredo,"Fat: Ugh, too much butter. Carb: Whatever, it's got pasta. Fat: I meant the sauce, seriously. Carb: You're missing the point, it's creamy. Fat: That's not what I meant, whatever. Carb: I don't care about the fat content. Fat: You never listen, it's all about balance. Carb: This is pointless, let's talk about shrimp. Fat: Shrimp has no fat, that's not the issue. Carb: I guess? It's still a bit fatty. Fat: You always twist my words, ugh. Carb: Whatever, it's just a recipe. Fat: I'm confused, but whatever, let's move on. Carb: Too much garlic, if you ask me. Fat: That's not relevant, seriously. Carb: You're not listening, as usual. Fat: I don't care about your opinions, whatever. Carb: This conversation is going nowhere, ugh. Fat: Just fix it somehow, I don't know. Carb: Do something useful, for once."
