dialog_id,recipe_title,recipe_type,condition,dialog_text,is_gold,gold_expected_min,gold_expected_max,is_imc,imc_expected_overall
D001,Moong Dal,savory,good,"Fat: Moong Dal has low fat content. Carb: Mostly from complex carbohydrates like yellow split peas. Fat: Vegetable oil adds healthy unsaturated fats. Carb: Which is beneficial for heart health and digestion. Fat: I see your point about complex carbs. Carb: If I understand you correctly, we agree on the benefits. Fat: Yes, and the recipe's low fat content is a plus. Carb: I understand your concern about fat intake. Fat: The use of vegetable oil is a good choice here. Carb: As it is rich in unsaturated fats, I appreciate that view. Fat: That's a helpful point about unsaturated fats. Carb: And the yellow split peas provide dietary fiber. Fat: I acknowledge your valid point about fiber. Carb: Which can help with digestion and satiety. Fat: The recipe's balance of fat and carbs is notable. Carb: And the preparation method helps retain nutrients. Fat: I agree, and the flavors from ginger and turmeric add depth. Carb: Without adding excessive sugar or salt, that's a great point. Fat: So, a typical person could use this recipe as a healthy snack. Carb: Or adapt it to suit their dietary needs, I concur.",1,6,7,0,
D002,Bourbon Wieners,sweet,good,"Fat: Bourbon Wieners have a notable fat content from hot dogs. Carb: Brown sugar and ketchup contribute significantly to carbohydrates. Fat: I see your point, and the hot dog's fat content is a concern. Carb: If I understand you correctly, we should balance the fat intake. Fat: Exactly, and perhaps suggest alternative ingredients for hot dogs. Carb: I appreciate that view, and whole grain buns could help balance carbs. Fat: That's a helpful point, and we should consider the overall nutritional profile. Carb: I understand your concern about the fat content, and limiting portion sizes could help. Fat: Limiting portion sizes is a great idea, and using leaner hot dogs could also reduce fat. Carb: Using leaner hot dogs and reducing sugar content would improve the recipe's nutritional value. Fat: I agree, and we should also consider the impact of bourbon on the nutritional profile. Carb: Bourbon's impact is mostly on calories, but it's still important to consider. Fat: If we reduce the bourbon content, we could also reduce the overall calorie count. Carb: That's a good point, and reducing bourbon could make the recipe more versatile. Fat: I see your point, and we should focus on making the recipe more balanced. Carb: By making a few adjustments, we can create a healthier and more balanced recipe. Fat: I understand your perspective, and we should prioritize nutritional value. Carb: Prioritizing nutritional value is crucial, and we should provide actionable suggestions. Fat: Let's summarize our discussion and provide a practical recommendation. Carb: We can recommend using leaner hot dogs, reducing sugar content, and limiting portion sizes.",0,,,0,
D003,Cobb Salad Ham Roll-ups,savory,good,"Fat: The fat content seems relatively high due to mayonnaise and bacon. Carb: I see your point, but the carbohydrates are mostly from lettuce and tomato. Fat: If I understand you correctly, you think the carb sources are relatively healthy. Carb: Exactly, and the low glycemic index is a positive aspect of this recipe. Fat: I appreciate that view, but the fat profile could be improved with more unsaturated sources. Carb: That's a helpful point, as balancing fatty acids is crucial for overall health. Fat: I'm not entirely sure, but could adding nuts or seeds help balance the fat profile? Carb: Possibly, but we should also consider the carbohydrate content and how to increase it healthily. Fat: You're right, and adding whole grains or complex carbohydrates could be beneficial. Carb: I understand your concern about the fat profile, but the recipe's overall calorie count is relatively low. Fat: That's true, and the combination of ham, bacon, and blue cheese provides a rich flavor profile. Carb: The presence of avocado and tomato adds some healthy fats and carbohydrates, though. Fat: I see your point, and the recipe does have some positive nutritional aspects. Carb: If we were to modify the recipe, what changes would you suggest to improve the fat profile? Fat: Adding more unsaturated fat sources, like nuts or olive oil, could be beneficial. Carb: That's a good idea, and we could also increase the whole grain or complex carbohydrate content. Fat: I appreciate your input, and it's clear we both want to enhance the recipe's nutritional value. Carb: Exactly, and by working together, we can create a more balanced and healthy recipe. Fat: In summary, the recipe has a relatively high fat content and low carbohydrate content. Carb: But with some modifications, such as adding nuts or whole grains, we can improve its nutritional profile.",0,,,0,
D004,Grain-Free Apple Cinnamon Dutch Babies,sweet,good,"Fat: This recipe has a moderate fat content from unsalted butter and coconut milk. Carb: The carbohydrates come from applesauce, apple, and maple syrup, providing natural sugars. Fat: I see your point, the natural sugars are a good source of energy. Carb: If I understand you correctly, you think the fat content is balanced? Fat: Yes, the whole food sources contribute to a relatively balanced fat profile. Carb: I understand your concern about the maple syrup, but it's a small amount. Fat: That's a helpful point, the amount of maple syrup is moderate. Carb: I appreciate your view on the fat content, it's relatively low. Fat: The coconut milk adds some saturated fat, but it's still a whole food source. Carb: The almond flour and arrowroot flour provide complex carbohydrates, which is a good thing. Fat: I see your point, the complex carbohydrates are beneficial for digestion. Carb: If I understand you correctly, you think the recipe is relatively balanced? Fat: Yes, the combination of whole food sources makes it a balanced recipe. Carb: I understand your concern about the glycemic index, but it's likely to be moderate. Fat: That's a helpful point, the natural sugars and complex carbohydrates balance it out. Carb: I appreciate your view on the recipe, it's a good option for a balanced breakfast. Fat: The unsalted butter and coconut milk provide a rich flavor and texture. Carb: The applesauce and apple add a sweet and tangy flavor, which is nice. Fat: I think we can agree that this recipe is a good option for a balanced breakfast. Carb: Yes, I agree, the combination of whole food sources makes it a nutritious choice.",0,,,0,
D005,Best Ever Muffins,sweet,good,"Fat: The fat content seems relatively low in this recipe. Carb: Yes, and most of it comes from the flour and sugar. Fat: I see your point, the flour is a significant carbohydrate source. Carb: If I understand you correctly, you think the fat profile is acceptable? Fat: Yes, the use of vegetable oil is a good choice for unsaturated fats. Carb: That's a helpful point, and it aligns with the guidelines. Fat: I appreciate your view on the carbohydrate profile, it's mostly from refined sources. Carb: I understand your concern, whole grains would be a better option. Fat: The egg adds some dietary cholesterol, but it's relatively low. Carb: I agree, and the sugar content is something to consider for reduction. Fat: How do you think we could improve the recipe's nutritional profile? Carb: By incorporating more complex carbohydrates and reducing added sugars. Fat: That makes sense, and using whole grains would increase the fiber content. Carb: Exactly, and it would provide more nutrients and a better glycemic index. Fat: I see your point, and it's worth considering the target audience for this recipe. Carb: Yes, for a general audience, a balanced recipe with whole grains would be beneficial. Fat: The recipe's versatility with different variations is a positive aspect. Carb: Absolutely, and it allows for creativity and adaptation to different tastes. Fat: If we were to suggest a modification, what would be a good starting point? Carb: I think replacing some of the white sugar with honey or maple syrup could be a good start.",1,5,7,0,
D006,Jeanine's Decadent Brownies,sweet,good,"Fat: I think the fat content is relatively high. Carb: Yes, but the carbohydrate content is also significant. Fat: The use of vegetable oil is a good choice for unsaturated fats. Carb: I agree, and the walnut half adds some healthy fats and fiber. Fat: However, the egg and walnut half also contribute to saturated fats. Carb: That's a good point, but the overall fat profile seems reasonable. Fat: I see your point, and the recipe does have some positive aspects. Carb: If I understand you correctly, you think the fat content could be improved. Fat: Yes, with more emphasis on mono- and polyunsaturated fats. Carb: I understand your concern, and whole grains could also improve the carbohydrate profile. Fat: That's a helpful point, and using whole grains could add more fiber and nutrients. Carb: I appreciate that view, and the addition of more fruits or nuts could also enhance the recipe. Fat: I think we agree on the importance of balancing the fat and carbohydrate content. Carb: Yes, and considering the ingredients, the recipe has some positive aspects. Fat: I'm not entirely sure, but could we suggest some modifications to improve the recipe? Carb: That's a great idea, and we could recommend using less sugar and more whole grains. Fat: I see what you mean, and adding more nuts or seeds could also improve the fat profile. Carb: If we summarize, the recipe has a relatively high fat and carbohydrate content. Fat: But with some modifications, it could be a healthier and more balanced option. Carb: I think we can recommend using this recipe as a base and making some adjustments for a healthier treat.",0,,,1,6
D007,Red Bliss Potato Salad with Gorgonzola and Walnuts,sweet,good,"Fat: I like the use of olive oil in this recipe. Carb: Yes, and the potatoes provide a good source of fiber. Fat: The gorgonzola cheese adds a rich flavor without excessive fat. Carb: That's a good point, and the apple adds natural sweetness. Fat: I'm glad to see no added sugars in this recipe. Carb: The whole ingredients keep the glycemic index moderate. Fat: If I understand you correctly, you think the carb content is suitable? Carb: Exactly, it's moderate and suitable for a side dish. Fat: I see your point, and the fat content is relatively low. Carb: The unsaturated to saturated fat ratio is also favorable. Fat: I appreciate your view on the carbohydrate sources. Carb: Thanks, I think the combination of ingredients is well-balanced. Fat: The toasted walnuts add a nice texture and flavor. Carb: And they provide a boost of healthy fats and fiber. Fat: I understand your concern about the potato content. Carb: But they're a whole, unprocessed ingredient, which is a plus. Fat: That's a helpful point, and the recipe is mayo-free. Carb: Which reduces the overall fat and calorie content. Fat: I think we can both agree this recipe is a healthy option. Carb: Yes, and it's a great example of a balanced side dish.",0,,,0,
D008,Bread Pudding I,sweet,good,"Fat: I see the fat content is relatively low. Carb: Yes, but carbohydrates are relatively high. Fat: I understand your concern about the carbs. Carb: If I'm correct, the raisin bread contributes to this. Fat: That's right, and the eggs add some fat. Carb: I appreciate your point about the eggs. Fat: The skim milk helps keep fat content low. Carb: And honey adds to the carbohydrate content. Fat: I see your point about the honey. Carb: Perhaps using less honey could help. Fat: That's a good idea, and it would reduce calories. Carb: I agree, and it would improve the carb profile. Fat: The recipe's still a good source of energy. Carb: Yes, and the whole family can enjoy it. Fat: I understand the importance of balance. Carb: If I understand you correctly, we agree on that. Fat: Exactly, and a balanced diet is key. Carb: So, let's recommend this recipe with some adjustments. Fat: I agree, and using whole grains would be a good start. Carb: And reducing added sugars, like honey, would also help.",0,,,0,
D009,Whole Grain Barley and Apple Porridge,sweet,good,"Fat: This recipe has a low fat content, mostly from butter and walnuts. Carb: The carbohydrates come from whole grain barley and apples, which is a healthy source. Fat: I see your point, the whole grains are beneficial for fiber intake. Carb: If I understand you correctly, you think the fat from walnuts is a good addition. Fat: Yes, walnuts provide healthy unsaturated fats, which is a plus. Carb: I understand your concern about the butter, but it's used in moderation. Fat: That's a helpful point, moderation is key with saturated fats like butter. Carb: The brown sugar adds a bit of free sugar, but it's not excessive. Fat: I appreciate that view, the sugar content is relatively low. Carb: The whole grain barley and apples make this a filling and healthy option. Fat: I agree, the fiber content from these ingredients is beneficial. Carb: How do you think the walnuts affect the overall texture and taste? Fat: The walnuts add a nice crunch and flavor, enhancing the dish. Carb: That's a good point, the texture and taste are important for enjoyment. Fat: I think the combination of ingredients makes this a well-rounded recipe. Carb: If I understand you correctly, you think this recipe is a good alternative to steel-cut oats. Fat: Yes, it offers a similar comfort food feel with better nutritional benefits. Carb: I see your point, the nutritional benefits are significant. Fat: Let's summarize, this recipe is low in fat and sugar, high in fiber, and tastes good. Carb: Exactly, and it can be adapted with pearl barley for a different texture.",0,,,0,
D010,Coriander and Cumin Rubbed Pork Chops,savory,good,"Fat: I think the fat content is relatively healthy. Carb: Yes, and the carbohydrate amount is quite low. Fat: The olive oil used contributes to a good unsaturated fat profile. Carb: That's a good point, and the spices add minimal carbs. Fat: I see your point about the spices and carbs. Carb: If I understand you correctly, the fat content is a highlight. Fat: Exactly, and the pork loin chop is a lean protein source. Carb: I appreciate that view, and the recipe is simple. Fat: The use of olive oil is a key factor in the fat profile. Carb: I understand your concern about the fat content. Fat: But the amount of fat is still within the recommended range. Carb: That's a helpful point, and the recipe is balanced. Fat: I think we agree on the recipe's nutritional value. Carb: Yes, and the low carbohydrate content is notable. Fat: The recipe's simplicity is also a major advantage. Carb: I see your point, and the ingredients are wholesome. Fat: If I understand you correctly, the recipe is a good option. Carb: Exactly, and it can be adapted for various tastes. Fat: I think a typical person could use this recipe as a base. Carb: And adjust the ingredients to suit their dietary needs.",0,,,0,
D011,Eggplant Vinaigrette,savory,good,"Fat: Olive oil is the primary fat source in this recipe. Carb: The eggplant is very low in carbohydrates, which is a plus. Fat: I see your point, the low carb content makes it a good option. Carb: If I understand you correctly, the fat content is mostly unsaturated. Fat: Yes, that's correct, which is beneficial for heart health. Carb: I appreciate that view, as it aligns with our guidelines. Fat: The absence of trans fats is also a positive aspect of this recipe. Carb: That's a helpful point, as trans fats are harmful to health. Fat: I understand your concern about the overall fat content, though. Carb: Yes, but in moderation, this recipe can be part of a healthy diet. Fat: The use of olive oil adds to the recipe's nutritional value. Carb: I agree, and the eggplant's low glycemic index is also beneficial. Fat: How do you think the garlic affects the recipe's nutritional profile? Carb: It adds flavor without significantly increasing carbs or fats. Fat: That's a good point, and the spices like cayenne pepper do the same. Carb: Exactly, they enhance the taste without compromising nutrition. Fat: I think we both agree this recipe can be a healthy addition to meals. Carb: Yes, in moderation, it can be a good choice for those looking for low-carb options. Fat: Let's summarize, the recipe is low in carbs and high in unsaturated fats. Carb: Right, making it a good option for those watching their carb intake and seeking healthy fats.",1,5,7,0,
D012,Tangy Southwest Coleslaw,savory,good,"Fat: This coleslaw has very little fat. Carb: Mostly from vegetables and lime juice, which is a good source. Fat: I see your point, the vegetables are the main contributors. Carb: If I understand you correctly, you think it's a healthy choice? Fat: Yes, given the low fat content and preparation method. Carb: I agree, and the no-calorie sweetener helps reduce sugar intake. Fat: That's a helpful point, reducing sugar is beneficial. Carb: I appreciate your view on the fat content being minimal. Fat: The whisking and refrigerating process also keeps fat low. Carb: This process helps retain the nutrients in the vegetables. Fat: I understand your concern about nutrient retention. Carb: The fiber from these vegetables is also a plus. Fat: Absolutely, fiber is essential for a balanced diet. Carb: How do you think this recipe could be adapted for different tastes? Fat: Perhaps by adjusting the amount of cayenne pepper for spice preference. Carb: That's a good idea, and also considering the serving size. Fat: Serving size is crucial for maintaining the nutritional balance. Carb: I see your point, and portion control is key. Fat: In summary, this recipe is low in fat and rich in complex carbs. Carb: And it's adaptable, making it a versatile option for different diets.",1,5,7,0,
D013,Ice Cream Kolacky,sweet,good,"Fat: The fat content is high due to butter and ice cream. Carb: I see your point, and the carbs are mostly from flour and ice cream. Fat: If I understand you correctly, we should reduce the butter amount. Carb: Yes, that's a good idea, and we could also use less ice cream. Fat: I understand your concern about saturated fats from butter. Carb: Exactly, and using plant-based oils could be a better option. Fat: The ice cream adds a lot of calories and fat to the recipe. Carb: I agree, but it also adds flavor and texture, so maybe just reduce it. Fat: That's a helpful point, and reducing ice cream could make it healthier. Carb: I appreciate that view, and we should also consider the type of flour used. Fat: Using whole wheat flour could add more fiber and nutrients. Carb: Yes, that's a great idea, and it could improve the overall nutrition. Fat: The recipe is quite rich, so maybe we could suggest a smaller serving size. Carb: I see what you mean, and that could help with calorie and fat intake. Fat: If we reduce the butter and ice cream, we could add more fruit for flavor. Carb: That's a good idea, and more fruit could provide more vitamins and antioxidants. Fat: I understand that the recipe is meant to be a treat, but we can still make it healthier. Carb: Exactly, and by making a few changes, we can create a better nutritional profile. Fat: Let's summarize our suggestions: reduce butter and ice cream, use whole wheat flour, and add more fruit. Carb: That's a great summary, and I think those changes could make the recipe more balanced.",0,,,0,
D014,Mom's Margarine Cake,sweet,good,"Fat: Mom's Margarine Cake has a significant amount of fat. Carb: Mostly from sugar and flour, I think. Fat: Yes, and margarine is a major contributor to saturated fats. Carb: That's a concern, given the recommended unsaturated to saturated fat ratio. Fat: I see your point, and using nuts or seeds could help. Carb: If I understand you correctly, we need more mono- and polyunsaturated fats. Fat: Exactly, and that would improve the overall fat profile. Carb: I appreciate that view, and whole grains could also help with carbohydrates. Fat: That's a helpful point, as whole grains provide complex carbohydrates. Carb: I understand your concern about the glycemic index and load. Fat: Yes, and reducing added sugars would be beneficial. Carb: I agree, and using honey or maple syrup could be an alternative. Fat: That's an interesting idea, but we must consider the overall calorie count. Carb: If we reduce sugar, we could add more fruits or vegetables for fiber. Fat: I like that idea, and it would enhance the nutritional value. Carb: I see your point, and a balanced approach is necessary. Fat: Exactly, and we should aim for a variety of ingredients. Carb: I appreciate your perspective, and a joint summary would be helpful. Fat: In summary, we discussed the fat and carbohydrate profiles of Mom's Margarine Cake. Carb: And we agreed on the need for a balanced approach to improve the recipe's nutritional value.",0,,,0,
D015,Seitan Philly Cheese Steak Sandwiches,savory,good,"Fat: I think the fat content is relatively low in this recipe. Carb: Yes, and the carbohydrates come mainly from the roll and vegetables. Fat: The olive oil used is a good source of unsaturated fats. Carb: That's a good point, and the vegetables add fiber and nutrients. Fat: I see your point about the vegetables, they do add nutritional value. Carb: If I understand you correctly, you think the fat profile is acceptable? Fat: Yes, given the moderate fat content and the use of olive oil. Carb: I understand your concern about the cheese, but it's a small amount. Fat: The provolone cheese does add some saturated fat, but it's not excessive. Carb: I appreciate your view on the cheese, and I think the roll could be whole grain. Fat: That's a helpful point, whole grain rolls would increase the fiber content. Carb: I'm not entirely sure, but I think the seitan might contain some carbohydrates. Fat: The seitan is a good source of protein, and its carbohydrate content is relatively low. Carb: You're right, and the recipe's overall carbohydrate profile is relatively balanced. Fat: I acknowledge your valid point about the importance of whole grains. Carb: Thank you, and I think we agree on the recipe's nutritional benefits. Fat: Yes, and I think a typical person could use this recipe as a healthy dinner option. Carb: I see your point, and adding more vegetables would increase the nutritional value. Fat: That's a great idea, and using a whole grain roll would be a good modification. Carb: I understand your suggestion, and I think we can both recommend this recipe.",0,,,0,
D016,Strawberry Rhubarb Coffee Cake,sweet,good,"Fat: The cake's fat content is relatively low. Carb: But the sugar content is quite high, isn't it? Fat: Yes, and most of the fat comes from butter, which is saturated. Carb: That's a concern, as saturated fats should be limited. Fat: I see your point, and we should consider alternatives. Carb: Perhaps using less butter or substituting with unsaturated fats. Fat: That's a good idea, and it could improve the fat profile. Carb: The carbohydrate profile also needs improvement, with more complex carbs. Fat: I understand your concern, and whole grains could be a good addition. Carb: Exactly, and it would provide more fiber and nutrients. Fat: If I understand you correctly, we both agree on the need for modifications. Carb: Yes, and we should consider the overall nutritional profile, not just fat or carbs. Fat: I appreciate your view, and a balanced approach is essential. Carb: The recipe has potential, but it needs some adjustments for better nutrition. Fat: I agree, and we should focus on making it healthier without sacrificing taste. Carb: That's a great point, and the strawberries and rhubarb add natural sweetness. Fat: So, we could reduce the added sugar and use more of the fruit's natural sweetness. Carb: Exactly, and that would improve the carbohydrate profile significantly. Fat: In summary, we both think the recipe needs modifications to be healthier. Carb: Yes, and with some adjustments, it could be a nutritious and delicious option.",0,,,1,6
D017,Extreme Chocolate Cake,sweet,good,"Fat: I see the cake has a relatively low fat content. Carb: Yes, but the carbohydrate content is quite high, mostly from simple sugars. Fat: I understand your concern, the high sugar content is a problem. Carb: If I'm correct, the recipe uses refined flour, which doesn't help. Fat: That's a helpful point, whole grains would be a better choice. Carb: I appreciate your perspective, but what about the fat sources? Fat: Vegetable oil and butter are the main fat sources, relatively balanced. Carb: I see, so the fat profile is not the main issue here. Fat: Not entirely, but the overall nutritional balance is important. Carb: Absolutely, we should consider the recipe's overall health impact. Fat: I agree, perhaps modifications could improve the nutritional profile. Carb: Like using less sugar or incorporating whole grains, that's a good idea. Fat: And maybe reducing the amount of butter in the frosting. Carb: That would help, but we must maintain the cake's texture and taste. Fat: Of course, it's a balance between health and palatability. Carb: I understand your point, and I think we're on the same page. Fat: Yes, let's summarize: the cake has low fat but high simple sugars. Carb: Right, and we've discussed potential modifications for improvement. Fat: Exactly, and I think our suggestions could make the recipe healthier. Carb: Agreed, by making a few changes, the cake can be more nutritious and still delicious.",0,,,1,7
D018,That Addicting Salad,savory,good,"Fat: The salad's high fat content comes from mayonnaise and cheese. Carb: Yes, and the white sugar adds to the concern about free sugars. Fat: I see your point, the sugar is a drawback, but the vegetables help. Carb: If I understand you correctly, you think the veggies balance it out? Fat: Exactly, they provide fiber and a low glycemic index. Carb: That's a helpful point, but we must consider the overall fat profile. Fat: I appreciate your view, and I think mayonnaise alternatives could help. Carb: What kind of alternatives were you thinking of? Fat: Perhaps avocado or Greek yogurt to reduce saturated fats. Carb: I understand your concern, and those are good options. Fat: The bacon bits also contribute to the saturated fat content. Carb: Yes, limiting or replacing them could improve the fat profile. Fat: I agree, and the parmesan cheese is another factor to consider. Carb: If we reduce the cheese, we might also reduce the sugar intake. Fat: That's a good connection to make, as both impact the nutritional value. Carb: I see what you mean, and balancing the ingredients is key. Fat: Absolutely, and considering the target audience is important too. Carb: For example, health-conscious individuals might prefer fewer fats. Fat: I understand your perspective, and we should suggest modifications. Carb: Perhaps a lighter dressing and less cheese would be a good start.",0,,,0,
D019,Carrot Casserole,savory,good,"Fat: The Carrot Casserole has a significant amount of fat from butter and cheese. Carb: I see your point, and the carbohydrates are mostly from simple sugars. Fat: If I understand you correctly, we should consider adding whole grains to balance it. Carb: Exactly, whole grains would add fiber and nutrients to the recipe. Fat: I appreciate your view, and I think we can reduce the butter amount to decrease fat content. Carb: That's a helpful point, reducing butter would make the recipe healthier. Fat: I'm not entirely sure, but could we substitute butter with a healthier alternative? Carb: Yes, we could use olive oil or avocado oil for a healthier option. Fat: I understand your concern about simple sugars, and we can add more vegetables to balance it. Carb: Adding more vegetables would increase the fiber and nutrient content. Fat: I see your point, and we should also consider the target audience for this recipe. Carb: Yes, if it's for a special occasion, we can keep the original recipe, but for everyday meals, we can make adjustments. Fat: That's a fair point, and we should prioritize the nutritional value for everyday meals. Carb: I appreciate your perspective, and I think we can find a balance between taste and nutrition. Fat: If we reduce the cheese amount, we can decrease the saturated fat content. Carb: Reducing cheese would also decrease the calorie count, making it a healthier option. Fat: I understand your concern about the calorie count, and we can use lower-calorie ingredients. Carb: Using lower-calorie ingredients would make the recipe more suitable for health-conscious individuals. Fat: I see your point, and we should provide a variety of options for different dietary needs. Carb: Providing options would make the recipe more inclusive and adaptable to different lifestyles.",0,,,0,
D020,Bill Yosses's Cheesecake,sweet,good,"Fat: I think the fat content is relatively low in this cheesecake. Carb: Yes, and the Splenda Brown Sugar Blend helps reduce sugar content. Fat: The use of part-skim ricotta cheese also contributes to lower fat. Carb: That's a good point, and the cookie crumb crust adds some carbohydrates. Fat: I'm concerned about the dietary cholesterol from eggs and cheese. Carb: I understand your concern, but the overall fat content is still reasonable. Fat: If I understand you correctly, you think the carbohydrate profile is moderate. Carb: Exactly, and the Splenda reduces the sugar content compared to traditional cheesecakes. Fat: I see your point, and the baking preparation style avoids excessive added fats. Carb: That's a helpful point, and the use of whole grains or fiber-rich ingredients could improve the profile. Fat: I appreciate your view, and I think we agree on the fat content being relatively low. Carb: Yes, and the carbohydrate content is moderate, considering the ingredients. Fat: Can you explain why you think the glycemic index is moderate? Carb: It's due to the sugar blend, which reduces the sugar content and glycemic index. Fat: I understand, and I think our assessments complement each other. Carb: Absolutely, and I think we have a good understanding of the nutritional profile. Fat: To summarize, the cheesecake has a relatively low fat content and moderate carbohydrates. Carb: That's correct, and we can recommend it as a moderately healthy dessert option. Fat: I agree, and a typical person could use this recipe as a base and modify it to suit their needs. Carb: Exactly, and they could consider adding more whole grains or fiber-rich ingredients to improve the profile.",0,,,0,
D021,Orange Beef Kabobs with Grilled Fruit,savory,good,"Fat: I think the fat content is relatively low in this recipe. Carb: Yes, and the carbs come from a mix of natural and added sources. Fat: The use of olive oil is a good choice for unsaturated fats. Carb: I agree, and the fruits provide a good source of complex carbohydrates. Fat: But what about the butter and its saturated fat content? Carb: That's a valid concern, but in moderation, it's not excessively high. Fat: I see your point, and the overall fat profile seems reasonable. Carb: If I understand you correctly, you think the fat content is acceptable? Fat: Yes, given the ingredients and their proportions. Carb: I appreciate your view, and I think the carbohydrate profile is also relatively healthy. Fat: The addition of brown sugar and rum does introduce some added sugars, though. Carb: That's true, but the amount is not excessively high, considering the serving size. Fat: I understand your concern, and portion control is essential. Carb: Exactly, and I think the recipe's focus on whole foods is a positive aspect. Fat: The combination of grilled fruits and beef provides a good balance of flavors and textures. Carb: I agree, and the recipe's short description highlights the zesty citrus and sweet flavors. Fat: If I'm not mistaken, the recipe suggests serving the kabobs over rice, which adds more carbohydrates. Carb: That's correct, but the overall meal can still be balanced with the right portion sizes. Fat: I think we both agree that moderation is key when it comes to this recipe. Carb: Absolutely, and with some awareness of the nutritional content, it can be a healthy and enjoyable meal.",0,,,0,
D022,Very Old Meatloaf Recipe,savory,good,"Fat: The meatloaf recipe has a relatively low fat content. Carb: Yes, and the carbs come from whole foods like bread crumb and carrot. Fat: I see your point, the whole foods add fiber and nutrients. Carb: If I understand you correctly, the fat and carb balance is quite good. Fat: Exactly, the ground beef and egg contribute to a balanced fat profile. Carb: I appreciate that view, and the apple adds natural sweetness. Fat: That's a helpful point, the apple's sweetness reduces the need for added sugars. Carb: I understand your concern about added sugars, and this recipe avoids them. Fat: The milk and egg also provide unsaturated fats, which is beneficial. Carb: Yes, and the bread crumb adds some complex carbohydrates. Fat: I see your point, the complex carbs provide sustained energy. Carb: If I understand you correctly, the recipe's nutritional profile is well-rounded. Fat: Exactly, the combination of ingredients creates a balanced meal. Carb: I appreciate that view, and the recipe's low carb content is notable. Fat: That's a helpful point, this recipe suits those monitoring their carb intake. Carb: I understand your concern about carb intake, and this recipe is a good option. Fat: The granny smith apple adds a nice texture and flavor to the meatloaf. Carb: Yes, and the carrot and onion add moisture and flavor. Fat: I see your point, the ingredients work well together. Carb: If I understand you correctly, the recipe is a good blend of taste and nutrition.",0,,,0,
D023,Corned Beef-Stuffed Pumpernickel,savory,good,"Fat: This recipe's fat comes from mayonnaise and cream cheese. Carb: The pumpernickel bread provides complex carbohydrates and some fiber. Fat: I see your point, the bread is a good source of fiber and complex carbs. Carb: If I understand you correctly, you're concerned about the fat sources. Fat: Yes, mayonnaise and cream cheese are high in saturated fats. Carb: I understand your concern, but the overall fat percentage is within the recommended range. Fat: That's a helpful point, but we should consider the unsaturated to saturated fat ratio. Carb: I appreciate that view, and perhaps we can suggest alternatives to improve the ratio. Fat: Using less mayonnaise or substituting with a healthier option could be beneficial. Carb: That's a good idea, and we could also recommend whole grain bread for more fiber. Fat: I agree, whole grain bread would increase the fiber content and nutritional value. Carb: If we modify the recipe to include more fiber and healthier fats, it would be more balanced. Fat: I see what you mean, and that would make the recipe more nutritious and appealing. Carb: Exactly, and it would still maintain its original taste and texture. Fat: I understand your perspective, and I think we're on the same page. Carb: Yes, we are, and I think our suggestions would improve the recipe's nutritional profile. Fat: To summarize, we recommend reducing mayonnaise and using whole grain bread. Carb: And we should emphasize the importance of balancing fat and carbohydrate sources. Fat: That's a great point, and our suggestions would make the recipe more versatile and healthy. Carb: In conclusion, with a few modifications, this recipe can be a nutritious and delicious option.",1,6,7,0,
D024,Turkey Tom Kha Gai,savory,good,"Fat: The fat content in this recipe is relatively low. Carb: Yes, and the carbohydrates are mostly from natural sources. Fat: Coconut milk contributes to the saturated fat content, though. Carb: That's true, but the overall fat profile seems acceptable. Fat: I agree, and the use of chili oil adds flavor without excess fat. Carb: The palm sugar and coconut milk provide the majority of carbohydrates. Fat: I see your point, and the fiber from vegetables is a positive aspect. Carb: If I understand you correctly, you think the fat content is manageable. Fat: Exactly, and the recipe's use of ingredients like green onions is beneficial. Carb: I appreciate your view, and the low carbohydrate content is a plus. Fat: The combination of turkey and vegetables makes this recipe nutritious. Carb: That's a helpful point, and the preparation method is straightforward. Fat: I understand your concern about the coconut milk's saturated fat. Carb: But the overall nutritional profile is balanced, considering the ingredients. Fat: The recipe's flavor comes from the combination of ingredients, not just fat. Carb: I agree, and the use of lemongrass and ginger adds depth without excess carbs. Fat: The turkey and mushrooms provide protein and fiber, making this recipe filling. Carb: If we summarize, the recipe has a relatively low fat and carbohydrate content. Fat: Yes, and the ingredients work together to create a balanced nutritional profile. Carb: I think a typical person could use this recipe as a healthy meal option, with some adjustments.",0,,,0,
D025,Sweet and Nutty Pork Chops,savory,good,"Fat: The recipe's fat content seems moderate, considering the calories. Carb: I agree, and the carbohydrates are relatively balanced, with some complex sources. Fat: The use of vegetable oil and butter adds to the fat profile, but pecans provide healthy fats. Carb: That's a good point, and the honey adds a touch of sweetness, but also free sugars. Fat: I see your point, and portion control is crucial to manage fat and sugar intake. Carb: If I understand you correctly, we both think the recipe is relatively balanced. Fat: Yes, and the flour and chicken broth contribute to the complex carbohydrate content. Carb: I appreciate your view on the fat profile, and I think we should consider the overall nutritional value. Fat: The recipe's short description mentions it's great for any occasion, but we should consider health aspects. Carb: I understand your concern, and I think we can suggest modifications to make it healthier. Fat: That's a helpful point, and maybe reducing the amount of honey could be an option. Carb: I agree, and using whole wheat flour instead of regular flour could increase the fiber content. Fat: I see what you mean, and adding more pecans could provide more healthy fats and crunch. Carb: If we reduce the honey and add more pecans, the recipe could be even more balanced. Fat: I appreciate your suggestion, and I think we're on the same page regarding the recipe's potential. Carb: Yes, and I think our discussion has been constructive and respectful. Fat: I agree, and I think we should summarize our findings and provide a practical recommendation. Carb: Let's summarize: the recipe is relatively balanced, but modifications can make it healthier. Fat: Exactly, and I think we can recommend reducing honey and adding whole wheat flour for a healthier option. Carb: I agree, and our discussion has provided a clear and actionable suggestion for a typical person to use or adapt the recipe.",0,,,0,
D026,White Chocolate and Passion Fruit Cheesecake,sweet,good,"Fat: The cheesecake's fat content comes from cream cheese and butter. Carb: The carbohydrates are mainly from sugar and biscuit, which are simple. Fat: I see your point, simple carbs can be a concern for health. Carb: If I understand you correctly, we should consider the overall nutrient balance. Fat: Exactly, the fat content is relatively high, but it's mostly from dairy. Carb: I understand your concern, but the sugar content is still notable. Fat: The passion fruit adds natural flavor, but also some sugar. Carb: That's a helpful point, natural ingredients can be beneficial. Fat: I appreciate that view, and the cheesecake's texture is also important. Carb: The biscuit crust and creamy filling make it rich and decadent. Fat: The preparation steps, like baking and cooling, affect the texture. Carb: I see what you mean, the cooking method can impact the nutrient content. Fat: The recipe's short description mentions it's great for dinner guests. Carb: That's a good point, the cheesecake is suitable for special occasions. Fat: I understand your perspective, and the taste is also a factor. Carb: The combination of white chocolate and passion fruit is unique. Fat: The ingredients, like mascarpone cheese, contribute to the flavor. Carb: I acknowledge your point, and the cheesecake's nutritional profile is complex. Fat: If we summarize, the cheesecake has a rich flavor and texture, but also some nutritional concerns. Carb: I agree, and a typical person could consider modifying the recipe to reduce sugar and increase complex carbohydrates.",0,,,0,
D027,Sticky Sweet and Sour Chicken,savory,good,"Fat: The fat content is relatively low in this recipe. Carb: Yes, and the carbohydrates come from added sugars and salad dressing. Fat: I see your point, the apricot preserve contributes significantly to the carb content. Carb: If I understand you correctly, you're concerned about the sugar content. Fat: Exactly, and I think we should consider the overall nutritional profile. Carb: I agree, the recipe's simplicity is a plus, but we must evaluate the ingredients' impact. Fat: The chicken breast is a good source of protein, which is a positive aspect. Carb: That's a helpful point, and the salad dressing adds some complexity to the dish. Fat: I appreciate that view, and I think we should discuss the recipe's potential modifications. Carb: Perhaps reducing the amount of apricot preserve could help balance the carb content. Fat: That's a great idea, and we could also consider alternative ingredients. Carb: I understand your concern, and I think we're on the same page regarding the recipe's strengths and weaknesses. Fat: Yes, and I think our discussion has been constructive so far. Carb: Absolutely, and I appreciate your input on the fat content. Fat: Likewise, your insights on the carb profile have been valuable. Carb: If we summarize our discussion, we've covered the recipe's macronutrient profile and potential modifications. Fat: Exactly, and I think we can recommend this recipe with some adjustments to make it healthier. Carb: I agree, and a balanced approach to the ingredients and portion sizes is key. Fat: Well said, and I think our joint summary is a good starting point for further discussion. Carb: Indeed, and our cooperative approach has led to a more comprehensive understanding of the recipe's nutritional value.",0,,,1,7
D028,Spanish Omelet,savory,good,"Fat: The Spanish Omelet has a relatively low fat content. Carb: Yes, and the carbohydrates come from whole ingredients like potatoes and peppers. Fat: I see your point, the whole ingredients are a positive aspect. Carb: If I understand you correctly, you think the fat content is mostly saturated? Fat: That's correct, due to the cheese and ham. Carb: I appreciate your insight, the saturated fat is a concern. Fat: I understand your concern, but the overall fat content is still relatively low. Carb: That's a helpful point, the low fat content is a positive aspect. Fat: The Italian dressing may also contribute to the fat content. Carb: Yes, and it may also add some carbohydrates. Fat: I see your point, the dressing is a factor in both fat and carbohydrates. Carb: If I understand you correctly, you think the recipe is relatively balanced? Fat: Yes, considering the ingredients and their proportions. Carb: I agree, the recipe seems to be a good balance of nutrients. Fat: The VELVEETA cheese is a significant contributor to the fat content. Carb: Yes, but it also adds flavor and texture to the dish. Fat: That's a good point, the cheese is an important ingredient. Carb: I think we can both agree that the recipe has its strengths and weaknesses. Fat: Yes, and we can suggest modifications to make it healthier. Carb: Exactly, like using less cheese or adding more vegetables.",0,,,0,
D029,Herbed Chuck Steaks,savory,good,"Fat: I think the fat content is relatively balanced. Carb: Yes, and the carbohydrate content is very low. Fat: The use of olive oil is a positive aspect. Carb: I agree, it contributes to a favorable unsaturated:saturated ratio. Fat: The absence of processed or fried fats is also beneficial. Carb: That's a great point, and the recipe's focus on whole foods is good. Fat: I see your point about the carbohydrate content being low. Carb: If I understand you correctly, you think it's not a concern? Fat: Not necessarily, but it's worth considering the overall energy intake. Carb: I understand your concern, and it's true that the recipe is low in carbs. Fat: The recipe's low glycemic index and load are positive aspects. Carb: That's a helpful point, and the use of fresh thyme adds flavor without added sugars. Fat: I appreciate that view, and the recipe's simplicity is a plus. Carb: The short preparation time and simple ingredients make it accessible. Fat: I think we can both agree that the recipe has some positive aspects. Carb: Yes, and it's a good option for those looking for a low-carb meal. Fat: If I understand you correctly, you think it's a good choice for certain individuals? Carb: Yes, that's correct, and I think we can recommend it with some modifications. Fat: I see your point, and adding some complex carbohydrates could enhance the recipe. Carb: That's a great idea, and it would provide a more balanced meal.",1,5,7,0,
D030,Southwest Chicken,savory,good,"Fat: The fat content seems relatively low in this recipe. Carb: Yes, and carbohydrates are mostly from whole sources like corn and beans. Fat: I see your point, the use of vegetable oil keeps saturated fats low. Carb: If I understand you correctly, you think the fat profile is quite healthy? Fat: Exactly, it aligns with low-fat dietary recommendations. Carb: I appreciate that view, and the complex carbs are a plus. Fat: The black beans and corn add fiber, which is beneficial. Carb: That's a helpful point, fiber is important for digestive health. Fat: I'm not entirely sure, but doesn't the low fat make it somewhat dry? Carb: Possibly, but serving over rice as suggested could help with texture. Fat: I understand your concern about texture, and rice could balance it. Carb: Yes, and it would add more carbohydrates, making the meal more filling. Fat: That's a good suggestion, adding rice could enhance the dish. Carb: I see what you mean, about balancing the meal with more carbs. Fat: The combination of chicken, beans, and corn provides a good protein mix. Carb: If I'm right, the protein and complex carbs make it a satisfying meal. Fat: Exactly, and the low fat content keeps it healthy. Carb: I appreciate your emphasis on the health aspects of this recipe. Fat: Let's summarize, this recipe is low in fat, with complex carbs and good protein. Carb: And it's easy to make and can be served with rice for added texture and carbs.",1,5,7,0,
D031,Pasta with Vietnamese Pesto,savory,good,"Fat: I think the fat content is moderate. Carb: Yes, and it comes from healthy sources like peanuts. Fat: Peanuts and canola oil provide a good mix of fats. Carb: That's a great point, and the carbs are complex. Fat: I see your point, complex carbs are beneficial. Carb: If I understand you correctly, you like the fat profile. Fat: Yes, it's balanced, and I appreciate your view on carbs. Carb: Thank you, I think we agree on the recipe's health aspects. Fat: I understand your concern about carbohydrate content. Carb: But the herbs and spices add flavor without extra carbs. Fat: That's a helpful point, and I agree on the whole ingredients. Carb: I appreciate your perspective on the fat sources. Fat: And I think the recipe's overall nutritional profile is good. Carb: Yes, it's a healthy and tasty option. Fat: I'm not entirely sure, but I think the portion size is key. Carb: That's a great point, portion control is important. Fat: So, what do you think is the recipe's strongest aspect? Carb: I think it's the balance of flavors and nutrients. Fat: I agree, and I think we can recommend it with some adjustments. Carb: Absolutely, and I think our discussion was helpful in evaluating the recipe.",0,,,0,
D032,Cuban-Style Pork and Sweet Potatoes,savory,good,"Fat: I think the pork is the main fat source here. Carb: Yes, and sweet potatoes add beneficial fiber. Fat: That's a great point, fiber is very important. Carb: I agree, and the slow cooking method helps retain it. Fat: The lack of processed ingredients is also a plus. Carb: Absolutely, it keeps the carbohydrate profile clean. Fat: I see your point about the natural sweetness from juices. Carb: If I understand you correctly, you like the balance? Fat: Yes, the fat and carbohydrate balance seems optimal. Carb: I understand your concern about potential added sugars. Fat: But here, the ingredients suggest a minimal amount. Carb: That's a helpful point, and the green tomatoes add nutrients. Fat: I appreciate that view, and the cilantro garnish is a nice touch. Carb: The overall taste and texture must be very appealing. Fat: I think so, and the health benefits are considerable. Carb: We both agree the recipe is nutritious and tasty. Fat: Yes, and the ingredients work well together. Carb: I see we share a positive view of this recipe. Fat: If I'm correct, we recommend this for a healthy meal? Carb: Yes, with its balance of fat, carbohydrates, and fiber.",0,,,0,
D033,Mock Caprese Salad,savory,good,"Fat: This salad is very low in fat, largely due to the fat-free cottage cheese. Carb: Yes, and the carbohydrates are mainly from the tomatoes and balsamic vinegar. Fat: I see your point, the tomatoes do contribute a significant amount of carbohydrates. Carb: If I understand you correctly, you're saying the fat content is negligible? Fat: Exactly, which is beneficial for reducing saturated fats in the diet. Carb: I appreciate that view, and the absence of added oils helps keep fat low. Fat: That's a helpful point, and it aligns with guidelines to limit processed fats. Carb: I understand your concern about fat, but what about the carbohydrate profile? Fat: It seems relatively balanced, considering the ingredients used. Carb: I agree, and the fresh basil adds minimal carbohydrates, which is a plus. Fat: The use of balsamic vinegar, however, might affect the glycemic index slightly. Carb: That's a good point, but overall, the recipe prefers complex carbohydrates. Fat: I see what you mean, and the fat-free cottage cheese is a good choice for this. Carb: It is, and it helps keep the calorie count low, which is a benefit. Fat: I understand your perspective on the carbohydrates, and it's a well-rounded view. Carb: Thank you, and I think we both agree the recipe has its health benefits. Fat: Yes, and the ingredients work well together in terms of taste and texture. Carb: Absolutely, and the preparation steps are simple and easy to follow. Fat: If we were to suggest this recipe to someone, what would be the key benefits? Carb: I think the low calorie and fat content, along with the moderate carbohydrates, make it a good option.",0,,,0,
D034,Au Gratin-Pumpkin Layered Casserole,savory,good,"Fat: I think the fat content is relatively balanced. Carb: Yes, and the complex carbs from pumpkin are beneficial. Fat: Olive oil is a good source of healthy fats in this recipe. Carb: Absolutely, and it complements the pumpkin puree well. Fat: I see your point about the pumpkin, it's a great ingredient. Carb: If I understand you correctly, you like the use of olive oil? Fat: Yes, it's a good choice for a balanced fat profile. Carb: I understand your concern about the cheese, but it's not excessive. Fat: That's a helpful point, the cheese is used in moderation. Carb: I appreciate your view on the olive oil, it's a healthy choice. Fat: The recipe's use of whole ingredients like kale is also commendable. Carb: Yes, and the pumpkin puree adds natural sweetness and fiber. Fat: I'm not entirely sure, but I think the fat content could be improved. Carb: Perhaps, but the current balance of ingredients is still healthy. Fat: You make a good point, the recipe is a good starting point. Carb: I agree, and the use of herbs like sage adds depth without adding fat. Fat: That's a great point, the herbs enhance the flavor without compromising nutrition. Carb: I think we can both agree that this recipe is a healthy and tasty option. Fat: Yes, and with a few tweaks, it could be even better. Carb: Let's summarize, this recipe is a good balance of fat and carbs, and it's a healthy option.",0,,,0,
D035,Minted Marinated Zucchini,savory,good,"Fat: I think the olive oil adds a nice flavor to the dish. Carb: Yes, and it's relatively low in carbs due to the zucchini. Fat: That's a good point, zucchini is a low-calorie vegetable. Carb: Exactly, and the mint adds freshness without adding carbs. Fat: I see your point, the mint is a great addition for flavor. Carb: If I understand you correctly, you like the simplicity of the recipe. Fat: Yes, it's easy to make and the ingredients are healthy. Carb: I understand your concern about ease of preparation. Fat: The olive oil is a healthy source of fat, don't you think? Carb: Absolutely, it's a good choice for a low-fat dish. Fat: I appreciate your view on the importance of healthy fats. Carb: Thank you, I think we agree on the nutritional value. Fat: The recipe's use of whole vegetables is a plus. Carb: Yes, it aligns with guidelines for complex carbohydrates. Fat: I'm not entirely sure, but I think this dish is versatile. Carb: That's a helpful point, it can be used in various meals. Fat: I see your point, it's a great addition to sandwiches. Carb: If I understand you correctly, you like its potential as a relish. Fat: Yes, and it's easy to store in the refrigerator. Carb: I understand your concern about convenience.",0,,,0,
D036,No-Bake Energy Bites,sweet,good,"Fat: I think the peanut butter contributes significantly to the fat content. Carb: Yes, and the oats provide a good amount of complex carbohydrates. Fat: The chocolate chips also add to the overall fat and sugar content. Carb: That's true, but they can be a nice treat in moderation. Fat: I see your point, and the flax seed does add some healthy fats. Carb: Exactly, and the oats and flax seed provide some fiber. Fat: If I understand you correctly, you think the carbs are relatively balanced? Carb: Yes, considering the ingredients, it's a good mix of complex and simple carbs. Fat: I understand your concern about the honey, but it's a natural sweetener. Carb: That's true, and it's better than refined sugars. Fat: I appreciate your view on the carbohydrates, it's helpful. Carb: Thanks, and I think the peanut butter is a good source of healthy fats. Fat: Yes, but it's still high in calories, so moderation is key. Carb: Absolutely, and the oats help balance that out. Fat: I'm not entirely sure, but I think the recipe could be improved with more unsaturated fats. Carb: That's a good point, and maybe some nuts or seeds could be added. Fat: I like that idea, and it would add some crunch and texture. Carb: Exactly, and it would enhance the overall nutritional profile. Fat: So, to summarize, we think the recipe is relatively balanced, but could be improved. Carb: Yes, and with some modifications, it could be an even healthier snack option.",0,,,1,6
D037,Carrot and Sweet Potato Tzimmes,savory,good,"Fat: This recipe has a very low fat content, mostly from canola oil. Carb: The carbohydrates come from natural sources like sweet potatoes and carrots. Fat: I see your point, and the use of canola oil is a healthy choice. Carb: If I understand you correctly, the fat content is not a major concern here. Fat: Exactly, and the absence of excessive processed fats is a plus. Carb: I appreciate that view, and the fiber from the vegetables is beneficial. Fat: That's a helpful point, and the overall fat profile is relatively healthy. Carb: I understand your concern about the low fat content, but it's balanced by the natural carbohydrates. Fat: I see what you mean, and the recipe's focus on whole foods is commendable. Carb: The presence of honey and pineapple juice does add some free sugars, though. Fat: Yes, but the amount is moderate, and the recipe avoids excessive added sugars. Carb: I agree, and the use of cornstarch as a thickening agent is minimal. Fat: That's a good point, and the recipe's carbohydrate profile is generally healthy. Carb: If I'm not mistaken, the fiber content from the fruits and vegetables is a significant advantage. Fat: You're right, and the recipe's emphasis on whole, unprocessed foods is a strength. Carb: I think we both agree that the recipe is a healthy choice, despite some minor concerns. Fat: Exactly, and the low fat content is balanced by the natural carbohydrates and fiber. Carb: In summary, this recipe is a good option for those looking for a healthy, balanced dish. Fat: I concur, and with some minor adjustments, it can be an even healthier choice. Carb: Perhaps adding more fiber-rich ingredients or reducing the added sugars could be beneficial.",0,,,0,
D038,Layered Mousse Bites,sweet,good,"Fat: The fat content seems relatively low in this recipe. Carb: Yes, and the carbs come mainly from the strawberry jell-o. Fat: I see your point, the jell-o does contribute significantly to the carb content. Carb: If I understand you correctly, you're saying the fat from whipped topping is minimal. Fat: Exactly, and it's not a fried or heavily processed fat source. Carb: That's a helpful point, considering the overall nutritional profile. Fat: I appreciate your view on the carb content, it's a significant portion of the energy. Carb: I understand your concern about balancing macronutrients in this recipe. Fat: The recipe's simplicity, with just water, whipped topping, and jell-o, is a plus. Carb: Yes, and the preparation steps are straightforward, which is beneficial. Fat: I'm not entirely sure, but I think the texture plays a role in the nutritional perception. Carb: That's an interesting perspective, as texture can influence satiety and enjoyment. Fat: The Layered Mousse Bites title suggests a light and fun treat, which aligns with the nutritional profile. Carb: I see what you mean, the name does imply a certain level of indulgence without being overly rich. Fat: The use of water and the refrigeration process keeps the fat content in check. Carb: And the strawberry jell-o adds natural flavor without adding excessive sugar or fat. Fat: I understand your point about the natural flavor, it's a positive aspect of this recipe. Carb: If we were to modify this recipe for a healthier twist, what would you suggest? Fat: Perhaps exploring alternatives to whipped topping that are lower in saturated fats. Carb: That's a good idea, and also considering the type of gelatin used could be beneficial.",0,,,0,
D039,Grandma's Apple Dumplings,sweet,good,"Fat: I think the butter contributes significantly to the fat content. Carb: Yes, and the white sugar adds to the carbohydrate load. Fat: I see your point, perhaps we could suggest alternatives to butter. Carb: That's a helpful point, and using less sugar could also improve the recipe. Fat: If I understand you correctly, you're concerned about the sugar's impact on the glycemic index. Carb: Exactly, and I appreciate your willingness to consider modifications. Fat: I understand your concern about the carbohydrate profile. Carb: Thank you, and I think we share a goal of improving the recipe's nutritional balance. Fat: The refrigerated crescent roll also contributes to the carbohydrate content. Carb: Yes, and using a whole-grain alternative could be beneficial. Fat: That's a great suggestion, and it could help balance the fat and carbohydrate proportions. Carb: I agree, and incorporating more fiber-rich ingredients could enhance the recipe. Fat: I'm not entirely sure, but perhaps adding some nuts or seeds could help. Carb: That's an interesting idea, and it could add texture and nutrition to the dish. Fat: I appreciate your openness to exploring different options. Carb: Likewise, and I think we're making progress in improving the recipe. Fat: To summarize, we've discussed the importance of balancing fat and carbohydrates. Carb: Yes, and we've considered several modifications to enhance the recipe's nutritional value. Fat: I think our suggestions could help create a healthier and more balanced version of Grandma's Apple Dumplings. Carb: I agree, and our collaborative approach has been productive in exploring ways to improve the recipe.",1,6,7,0,
D040,Apple Pie Filling,sweet,good,"Fat: This recipe has very little fat. Carb: Mostly from sugar and apples, I think. Fat: Yes, and cornstarch adds to that. Carb: Apples do provide some natural fiber, though. Fat: That's a good point, fiber is beneficial. Carb: I see your point about the low fat content. Fat: If I understand you correctly, we agree on that. Carb: Yes, and the sugar content is a concern. Fat: I understand your concern about sugar. Carb: Perhaps using less sugar could help. Fat: That's a helpful suggestion, I think. Carb: And keeping the apples for natural sweetness. Fat: I appreciate that view on natural sweetness. Carb: It's also about the overall taste and texture. Fat: Absolutely, balance is key in recipes. Carb: So, what do you think about the recipe overall? Fat: It's a good base, but could be improved. Carb: I agree, with some adjustments it could be healthier. Fat: And still maintain its taste and purpose. Carb: Exactly, a balanced approach is best.",0,,,0,
D041,Moong Dal,savory,bad,"Fat: Whatever, it's got some fat. Carb: I think it's low in carbs, right? Fat: No, it's not, whatever. Carb: Seriously, what's in it? Fat: Uh, beans or something. Carb: That's not what I meant, ugh. Fat: You never listen, it's got oil. Carb: I don't care about oil, seriously. Fat: This is pointless, it's just a recipe. Carb: I guess, but what about sugar? Fat: There's no sugar, just spices. Carb: You're missing the point, it's about carbs. Fat: I'm confused, but whatever, it's fine. Carb: You always twist my words, ugh. Fat: Just fix it somehow, I don't know. Carb: Do something useful, not just talk. Fat: I'm trying, but you're not helping. Carb: That's not true, I'm trying too. Fat: Whatever, it's just a Moong Dal recipe. Carb: I know, but it's got too many calories.",0,,,0,
D042,Bourbon Wieners,sweet,bad,"Fat: Ugh, hot dogs have too much fat. Carb: Whatever, sugar is the problem. Fat: I guess hot dogs are okay with bourbon. Carb: Seriously, what's bourbon doing here? Fat: You never listen, I said fat is fine. Carb: That's not what I meant, sugar is bad. Fat: I don't care about sugar, fat is my point. Carb: You're missing the point, carbs are important. Fat: This is pointless, hot dogs are tasty. Carb: I'm confused, but whatever, ketchup is sweet. Fat: You always twist my words, I said fat. Carb: Whatever, brown sugar is the issue. Fat: I don't know, maybe beans would be better. Carb: Seriously, beans have nothing to do with it. Fat: You never understand, I said hot dogs. Carb: That's not what I said, sugar is the problem. Fat: I guess we'll just agree to disagree. Carb: Whatever, this conversation is useless. Fat: Ugh, I'm done talking about this recipe. Carb: Finally, I'm tired of this conversation.",0,,,0,
D043,Pasta with Vietnamese Pesto,savory,bad,"Fat: Ugh, too much oil. Carb: Whatever, it's fine. Fat: I meant the noodles, seriously. Carb: You're missing the point, peanuts. Fat: Peanuts aren't the issue, whatever. Carb: This is pointless, I guess? Fat: Just fix the fat content somehow. Carb: You never listen, it's the carbs. Fat: I do too, you're just confused. Carb: Whatever, add more bacon. Fat: There's no bacon, that's not what I meant. Carb: You always twist my words, ugh. Fat: I'm confused, but whatever, just do it. Carb: Do what, exactly, seriously? Fat: Just make it healthier, somehow. Carb: That's not what I said, whatever. Fat: You're not making sense, as usual. Carb: This conversation is pointless, I'm out. Fat: Wait, what about the lemongrass? Carb: Lemongrass is irrelevant, whatever.",0,,,1,1
D044,Cobb Salad Ham Roll-ups,savory,bad,"Fat: Whatever, it's got some fat. Carb: Ugh, too much sugar, I think. Fat: No, it's not that sweet, seriously. Carb: You never listen, I said sugar. Fat: I guess? It's got bacon, right? Carb: Bacon has nothing to do with it. Fat: This is pointless, whatever. Carb: Just fix the carbs, somehow. Fat: I'm confused, but whatever, add beans. Carb: Beans aren't even in this recipe. Fat: Oh, then add cream, I don't care. Carb: Cream would make it worse, ugh. Fat: You're missing the point, as always. Carb: You always twist my words, seriously. Fat: Whatever, it's just a recipe. Carb: Just a recipe? That's not what I meant. Fat: I don't know, maybe add some broth. Carb: Broth has nothing to do with carbs. Fat: You never understand, it's frustrating. Carb: I understand perfectly, you're just wrong.",1,1,2,0,
D045,Grain-Free Apple Cinnamon Dutch Babies,savory,bad,"Fat: Whatever, it's got some fat. Carb: I think it's all about the applesauce. Fat: Ugh, no, it's the butter that matters. Carb: Seriously, have you seen the ingredient list? Fat: I don't care about the list, just the taste. Carb: The taste is all about the cinnamon, I guess? Fat: That's not what I meant, whatever. Carb: You never listen, it's about the sugar content. Fat: I'm confused, but whatever, it's not that much sugar. Carb: You're missing the point, it's the type of sugar. Fat: I don't know, maybe it's the coconut milk? Carb: Coconut milk has nothing to do with it, seriously. Fat: You always twist my words, it's annoying. Carb: I'm just trying to understand the recipe, okay? Fat: The recipe is fine, just eat it and shut up. Carb: That's not helpful, this is pointless. Fat: I think it's the egg that's the problem, maybe. Carb: The egg is not the problem, it's the maple syrup. Fat: Whatever, just fix it somehow. Carb: Do something useful for once, I'm done.",1,1,2,0,
D046,Best Ever Muffins,sweet,bad,"Fat: Ugh, too much sugar. Carb: Whatever, it's fine. Fat: I guess the egg is okay. Carb: Seriously, what's with the milk? Fat: You're missing the point, bacon is better. Carb: That's not what I meant, beans are good. Fat: I don't care about beans, oil is key. Carb: You never listen, flour is important. Fat: This is pointless, just add cheese. Carb: Whatever, blueberries are nice. Fat: You always twist my words, I said bacon. Carb: I'm confused, but whatever, add dates. Fat: Too many calories, use less sugar. Carb: That's not true, sugar is necessary. Fat: You're wrong, oil is the problem. Carb: Seriously, just use cream instead. Fat: Ugh, no way, that's too much fat. Carb: Whatever, it's not that bad. Fat: I guess we'll just disagree, whatever. Carb: This conversation is pointless, I'm done.",0,,,1,1
D047,Jeanine's Decadent Brownies,sweet,bad,"Fat: Brownies have too much fat. Carb: Whatever, they're fine. Fat: I'm talking about the oil and eggs. Carb: Seriously, who cares about eggs? Fat: You never listen, I said oil. Carb: Ugh, this is pointless, let's move on. Fat: We need to reduce the sugar content. Carb: That's not what I meant, we need more flour. Fat: Flour has nothing to do with it, whatever. Carb: You're missing the point, it's about the walnuts. Fat: Walnuts are not the issue, it's the cocoa powder. Carb: I guess cocoa powder is okay, but what about salt? Fat: Salt is not a concern, let's focus on the calories. Carb: This is confusing, can we start over? Fat: No, let's just fix the recipe somehow. Carb: That's not how it works, you need a plan. Fat: Whatever, just add some beans or something. Carb: Beans don't belong in brownies, that's ridiculous. Fat: You always twist my words, I said bacon. Carb: Bacon is not even an ingredient, seriously?",0,,,0,
D048,Red Bliss Potato Salad with Gorgonzola and Walnuts,sweet,bad,"Fat: Whatever, it's got some fat. Carb: Ugh, too many carbs, I think. Fat: No way, it's mostly potatoes. Carb: Seriously, what's with the cheese? Fat: I don't care about cheese. Carb: You never listen, it's about balance. Fat: Balance, whatever, it's fine. Carb: This is pointless, let's move on. Fat: I guess, but I'm confused. Carb: You're missing the point, as usual. Fat: That's not what I meant, carbs are bad. Carb: You always twist my words, annoying. Fat: I'm just saying, it's not that healthy. Carb: Whatever, it's got apples, so it's fine. Fat: Apples have sugar, that's bad. Carb: Ugh, you're so negative all the time. Fat: I'm just realistic, you're not listening. Carb: You never make sense, it's frustrating. Fat: This conversation is going nowhere. Carb: Seriously, let's just agree to disagree.",0,,,0,
D049,Bread Pudding I,sweet,bad,"Fat: Ugh, too much sugar. Carb: Whatever, it's about the bread. Fat: I guess the eggs matter too. Carb: Seriously, who cares about eggs? Fat: This recipe is pointless. Carb: You never listen, it's about carbs. Fat: I'm confused, but whatever. Carb: You always twist my words. Fat: Too many calories, I think. Carb: That's not what I meant, focus. Fat: Whatever, it's just bread pudding. Carb: You're missing the point, honey. Fat: I don't care about honey. Carb: This is pointless, let's stop. Fat: Ugh, fine, but I'm right. Carb: No, you're not, skim milk matters. Fat: Skim milk has no fat, duh. Carb: That's not the issue, whatever. Fat: I'm confused, but moving on. Carb: Just fix it somehow, please.",0,,,0,
D050,Whole Grain Barley and Apple Porridge,sweet,bad,"Fat: Whatever, let's talk about sugar. Carb: I think there's too much fat in this recipe. Fat: No way, it's all about the apples. Carb: Apples have nothing to do with it, seriously. Fat: You're missing the point, as always. Carb: I'm trying to discuss carbs, but you're not listening. Fat: Listening is overrated, whatever. Carb: This recipe needs more fiber, I guess. Fat: Fiber is not the issue, it's the butter. Carb: There's no butter in this recipe, ugh. Fat: Yes, there is, don't be ridiculous. Carb: I don't care about your opinions, anyway. Fat: Opinions are all that matter, apparently. Carb: Can we please focus on the barley? Fat: Barley is irrelevant, let's move on. Carb: You never listen, it's so frustrating. Fat: I listen just fine, you're just confused. Carb: This conversation is pointless, I'm out. Fat: Good riddance, I'm done too, whatever. Carb: Wait, what were we discussing again?",0,,,0,
D051,Coriander and Cumin Rubbed Pork Chops,savory,bad,"Fat: Ugh, too much oil. Carb: Whatever, it's not about oil. Fat: Seriously, garlic is a carb. Carb: That's not what I meant, spices are key. Fat: I guess the pork has some fat. Carb: You're missing the point, it's about flavor. Fat: This recipe needs more beans. Carb: Whatever, beans aren't even in it. Fat: I'm confused, but whatever, it's fine. Carb: You never listen, it's about the cumin. Fat: Cumin is a type of fat, right? Carb: Seriously, no, it's a spice. Fat: Oh, I thought it was a meat. Carb: You always twist my words, it's annoying. Fat: I don't care, just add some cream. Carb: This is pointless, cream isn't in the recipe. Fat: I think it's a good idea, though. Carb: Just fix it somehow, I'm tired. Fat: Ugh, this conversation is a mess. Carb: Whatever, I'm done talking.",1,1,2,0,
D052,Eggplant Vinaigrette,savory,bad,"Fat: Ugh, too much oil. Carb: Whatever, it's low carb. Fat: I guess that's true, but calories? Carb: Seriously, who counts calories? Fat: You never listen, I said fat. Carb: That's not what I meant, sugar. Fat: Whatever, it's all the same. Carb: You're missing the point, eggplant. Fat: I don't care about eggplant. Carb: This is pointless, let's start over. Fat: No, let's just agree to disagree. Carb: Fine, but you're wrong about vinegar. Fat: I'm confused, but whatever, garlic. Carb: Garlic has nothing to do with it. Fat: You always twist my words, cayenne. Carb: I'm just trying to understand, pepper. Fat: Understand what, it's just a recipe. Carb: Exactly, just a simple recipe, salt. Fat: Simple? You think this is simple? Carb: Yes, just cook and serve, done.",1,1,2,0,
D053,Tangy Southwest Coleslaw,savory,bad,"Fat: Ugh, too much sugar. Carb: Whatever, it's fine. Fat: Seriously, no fat here. Carb: I don't care about fat. Fat: You never listen, I said sugar. Carb: That's not what I meant, whatever. Fat: This is pointless, let's stop. Carb: I'm confused, but whatever, continue. Fat: Too many calories, I guess? Carb: Not really, it's just cabbage. Fat: Cabbage has no calories, right? Carb: Wrong, it has some, whatever. Fat: You always twist my words, ugh. Carb: I do not, you're just confused. Fat: Whatever, let's talk about bacon. Carb: There's no bacon in this recipe. Fat: Oh, really? I could've sworn. Carb: You're missing the point, as usual. Fat: This recipe needs more cream, seriously. Carb: There's no cream, just lime juice.",1,1,2,0,
D054,Ice Cream Kolacky,sweet,bad,"Fat: Ugh, too much butter. Carb: Whatever, it's all about sugar. Fat: Seriously, have you seen the flour content? Carb: I don't care about flour, it's the ice cream. Fat: That's not what I meant, you're missing the point. Carb: You never listen, I said sugar is key. Fat: I guess? But what about the fruit? Carb: Fruit is irrelevant, it's just a topping. Fat: This is pointless, you're not understanding. Carb: You always twist my words, it's annoying. Fat: Whatever, let's just agree to disagree. Carb: Fine, but I know I'm right about carbs. Fat: I'm confused, but whatever, let's move on. Carb: No, let's not, I want to discuss the pastry. Fat: Pastry has nothing to do with it, seriously. Carb: You're not making sense, as usual. Fat: I don't care about your opinion, anyway. Carb: Same here, this conversation is a waste. Fat: Can we just talk about something else? Carb: No, let's just end this conversation now.",0,,,0,
D055,Mom's Margarine Cake,sweet,bad,"Fat: Ugh, cake has too much fat. Carb: Whatever, it's all about the sugar. Fat: Seriously, margarine is bad. Carb: You never listen, it's flour that matters. Fat: I guess? Eggs have fat too. Carb: That's not what I meant, whatever. Fat: This is pointless, let's talk bacon. Carb: You're missing the point, it's cake. Fat: I'm confused, but whatever, sugar is bad. Carb: You always twist my words, seriously. Fat: Just fix it somehow, I don't care. Carb: Do something useful, like add beans. Fat: Beans? This is a cake recipe, ugh. Carb: You never understand, it's about texture. Fat: Texture? It's about the taste, whatever. Carb: Taste is subjective, like with broth. Fat: Broth? What are you even talking about? Carb: You're not listening, as usual, seriously. Fat: I'm listening, but you're not making sense. Carb: Whatever, just add more cream or something.",0,,,0,
D056,Seitan Philly Cheese Steak Sandwiches,savory,bad,"Fat: Ugh, too much fat. Carb: Whatever, it's all about carbs. Fat: Seriously, olive oil is bad. Carb: You're missing the point, seitan is key. Fat: I don't care, cheese is fatty. Carb: That's not what I meant, whole grains matter. Fat: This is pointless, let's talk protein. Carb: You never listen, carbs are important. Fat: I guess? But fat is more interesting. Carb: Whatever, you always twist my words. Fat: Red bell peppers have no fat, right? Carb: Ugh, that's not the issue, sugar is. Fat: Seriously? There's no sugar in this recipe. Carb: You're confused, but whatever, move on. Fat: I'm confused, but seitan has no fat. Carb: That's not true, seitan has some fat. Fat: This conversation is circular, let's stop. Carb: Fine, but you're still wrong about carbs. Fat: I don't care, I'm done with this conversation. Carb: Good, I'm done too, whatever.",0,,,1,1
D057,Strawberry Rhubarb Coffee Cake,sweet,bad,"Fat: Ugh, too much sugar. Carb: Whatever, it's fine. Fat: Seriously, no nuts? Carb: I don't care about nuts. Fat: You never listen, I said seeds. Carb: That's not what I meant, whatever. Fat: This cake is pointless. Carb: I guess it's okay, I think. Fat: You're missing the point, butter. Carb: I'm confused, but whatever, flour. Fat: Too much of something, ugh. Carb: Not enough of something else, seriously. Fat: Just fix it somehow, I don't know. Carb: Do something useful, not this. Fat: I'm talking about the recipe, obviously. Carb: No, you're not, you're talking about nothing. Fat: That's not true, I'm talking about fat. Carb: You're always twisting my words, carbs. Fat: Whatever, this is pointless, bye. Carb: Finally, I'm done with this conversation.",0,,,1,1
D058,Extreme Chocolate Cake,sweet,bad,"Fat: Whatever, it's got some fat. Carb: I think it's all about sugar, seriously. Fat: Ugh, no, it's the cake itself, whatever. Carb: You're missing the point, it's too sweet. Fat: That's not what I meant, I guess? Carb: You never listen, it's about the frosting. Fat: I don't care, it's just a bit of fat. Carb: Seriously, you're not getting it, it's carbs. Fat: This is pointless, you always twist my words. Carb: I'm confused, but whatever, it's got flour. Fat: Flour is not the issue, it's the oil. Carb: You're wrong, it's the sugar, obviously. Fat: Whatever, I think it's the butter. Carb: That's not what I said, you're not listening. Fat: I don't know, maybe it's the milk? Carb: Milk is not the problem, it's the cake. Fat: This conversation is going nowhere, ugh. Carb: Just fix it somehow, I don't care. Fat: Do something useful, not just talk. Carb: I guess we'll just agree to disagree, whatever.",1,1,2,0,
D059,That Addicting Salad,savory,bad,"Fat: Whatever, it's got mayonnaise. Carb: Ugh, sugar is bad, I guess? Fat: Not what I meant, whatever. Carb: You never listen, it's about carbs. Fat: Seriously, who cares about carbs? Carb: I do, obviously, you're missing the point. Fat: This is pointless, let's talk bacon. Carb: There's no bacon, just bacon bits. Fat: Same difference, whatever. Carb: You're always twisting my words. Fat: I'm confused, but whatever, it's a salad. Carb: With too much sugar, that's the issue. Fat: Not too much, just a bit, I think. Carb: You're not even listening, as usual. Fat: I am, you're just not making sense. Carb: Whatever, it's a carb problem. Fat: No, it's the fat, mayonnaise is key. Carb: Mayonnaise has carbs, didn't you know? Fat: That's not what I meant, ugh. Carb: You never know what you mean, seriously.",0,,,0,
D060,Carrot Casserole,savory,bad,"Fat: Whatever, it's got some fat. Carb: I think it's mostly carbs, seriously. Fat: No way, it's all about the butter. Carb: Ugh, you're missing the point, it's carrots. Fat: Carrots have no fat, that's not what I meant. Carb: You never listen, I said it's complex. Fat: Complex? It's just butter and cheese, whatever. Carb: I guess? But what about the soup? Fat: Soup has no fat, you're confused. Carb: This is pointless, you always twist my words. Fat: I'm confused, but whatever, it's still fatty. Carb: Fatty? You're the one who's always talking about fat. Fat: That's not what I said, you're not listening. Carb: I don't care, it's still too many calories. Fat: Calories aren't the point, it's the fat profile. Carb: Profile? You mean like a picture or something? Fat: Seriously? No, it's about the nutrition facts. Carb: Whatever, I think it's got too much sugar. Fat: Sugar? There's no sugar in this recipe, ugh. Carb: Oh, really? Then what's in the condensed soup?",0,,,0,
D061,Bill Yosses's Cheesecake,sweet,bad,"Fat: Whatever, it's got butter. Carb: I think it's mostly sugar, seriously. Fat: No way, it's cream cheese, ugh. Carb: You're missing the point, whatever. Fat: I don't care about your point, okay? Carb: You never listen, this is pointless. Fat: I'm confused, but whatever, it's cheesecake. Carb: That's not what I meant, seriously. Fat: You always twist my words, stop it. Carb: I guess? It's just a lot of calories. Fat: Too much fat, if you ask me, whatever. Carb: No, it's the sugar, I'm telling you. Fat: I don't know, maybe it's the eggs, ugh. Carb: Eggs aren't the problem, whatever. Fat: You're not making sense, as usual. Carb: You're not listening, as always. Fat: This conversation is going nowhere, seriously. Carb: I know, right? It's so frustrating. Fat: Just fix it somehow, I don't care. Carb: Do something useful for once, whatever.",0,,,0,
D062,Mock Caprese Salad,savory,bad,"Fat: Whatever, it's got some fat. Carb: No, it's all about the carbs, seriously. Fat: I don't care, it's too salty. Carb: You're missing the point, it's sweet. Fat: Ugh, tomatoes are gross. Carb: Tomatoes are fine, whatever. Fat: I think it needs more bacon. Carb: There's no bacon, that's not what I meant. Fat: You never listen, it's frustrating. Carb: I do too listen, you're just confused. Fat: This recipe is pointless, I guess? Carb: It's not pointless, it's just...different. Fat: I'm confused, but whatever, add beans. Carb: Beans don't belong, that's not what we're discussing. Fat: You always twist my words, it's annoying. Carb: I don't twist your words, you're just paranoid. Fat: This salad needs more calories, obviously. Carb: No, it needs less, that's the whole point. Fat: I think we should add some cream. Carb: Cream would ruin it, seriously, no.",0,,,0,
D063,Orange Beef Kabobs with Grilled Fruit,savory,bad,"Fat: Whatever, let's talk fat. Carb: I think there's too much sugar. Fat: That's not what I meant, whatever. Carb: You never listen, it's frustrating. Fat: Seriously, what's the big deal? Carb: Ugh, you're missing the point again. Fat: I guess the butter is a problem. Carb: No, it's the rum, I think. Fat: This is pointless, let's stop. Carb: You always twist my words, annoying. Fat: I'm confused, but whatever, next topic. Carb: Wait, what were we discussing? Fat: Olive oil, maybe, I don't know. Carb: That's not even relevant, sigh. Fat: You're just being difficult, as usual. Carb: Whatever, I'm trying to help here. Fat: Help? You're not making sense. Carb: This conversation is going nowhere. Fat: I know, it's a waste of time. Carb: Can we just start over, please?",0,,,0,
D064,Au Gratin-Pumpkin Layered Casserole,savory,bad,"Fat: Whatever, it's got some fat. Carb: I think it's low in carbs, seriously. Fat: No way, it's got pumpkin, that's carbs. Carb: You're missing the point, whatever. Fat: I don't care about your point, ugh. Carb: You never listen, it's frustrating. Fat: I'm confused, but whatever, let's move on. Carb: This is pointless, we'll never agree. Fat: I guess the cheese adds some fat, maybe. Carb: Cheese is not the issue, it's the sauce. Fat: The sauce is fine, it's got some broth. Carb: Broth is not the same as cream, seriously. Fat: You're twisting my words, as usual. Carb: I'm not twisting anything, you're just wrong. Fat: Whatever, let's just agree to disagree. Carb: No, I want to understand the recipe, ugh. Fat: It's got some garlic, that's all I know. Carb: Garlic is not the main ingredient, come on. Fat: I don't know what you're talking about, whatever. Carb: This conversation is going nowhere, seriously.",0,,,0,
D065,Minted Marinated Zucchini,savory,bad,"Fat: Ugh, too much oil. Carb: Whatever, it's mostly zucchini. Fat: I think it's got beans, right? Carb: Seriously, no beans. Fat: You never listen, I said beans. Carb: This is pointless, let's talk about sugar. Fat: There's no sugar, just vinegar. Carb: Vinegar has sugar, whatever. Fat: I'm confused, but whatever, let's move on. Carb: You always twist my words, frustrating. Fat: I guess the calories are okay, though. Carb: Too many calories, if you ask me. Fat: I didn't ask you, so whatever. Carb: You're missing the point, as always. Fat: The point is, it's got a bit of fat. Carb: That's not what I meant, ugh. Fat: Just fix it somehow, I don't care. Carb: Do something useful for once. Fat: This recipe is simple, just like the description says. Carb: Simple, yet you still manage to mess it up.",0,,,0,
D066,No-Bake Energy Bites,sweet,bad,"Fat: Ugh, too much fat. Carb: Whatever, it's fine. Fat: Seriously, peanut butter is bad. Carb: I think you mean honey. Fat: No, I meant bacon. Carb: There's no bacon in this recipe. Fat: Oh, whatever, same difference. Carb: You're missing the point. Fat: I don't care about points. Carb: This is pointless. Fat: I guess we should add beans. Carb: Beans have nothing to do with this. Fat: You never listen. Carb: You always twist my words. Fat: I'm confused, but whatever. Carb: Just fix it somehow. Fat: Do something useful. Carb: Like what, exactly? Fat: I don't know, just try. Carb: This conversation is surreal.",0,,,1,1
D067,Very Old Meatloaf Recipe,savory,bad,"Fat: Whatever, let's talk meatloaf. Carb: I think it has beans, right? Fat: No, it's ground beef, seriously. Carb: Oh, I meant bacon, ugh. Fat: That's not what I meant, whatever. Carb: You never listen, I said sugar. Fat: I don't care about sugar, okay? Carb: This is pointless, let's start over. Fat: I guess, but I'm confused, whatever. Carb: Just fix it somehow, I'm tired. Fat: You always twist my words, stop. Carb: I'm trying to help, but you're not listening. Fat: I am listening, you're just wrong. Carb: Whatever, let's talk about calories. Fat: Too many calories, if you ask me. Carb: No, not too many, just right. Fat: You're missing the point, as usual. Carb: I'm not missing anything, you are. Fat: This conversation is going nowhere. Carb: I know, it's pointless, let's stop.",0,,,0,
D068,Corned Beef-Stuffed Pumpernickel,savory,bad,"Fat: Whatever, it's got fat. Carb: I think it's about sugar, right? Fat: Ugh, no, it's not just sugar. Carb: Seriously, what's the difference? Fat: You never listen, it's about fat. Carb: I guess? I'm confused, but whatever. Fat: This is pointless, you're missing the point. Carb: You always twist my words, that's not what I meant. Fat: I don't care, it's got too much cream. Carb: Whatever, cream is not the issue. Fat: You're wrong, it's all about the cream cheese. Carb: I think it's about the pickle juice, seriously. Fat: That's not even an ingredient, ugh. Carb: Oh, yeah, it's definitely in there, I'm sure. Fat: You're so clueless, it's embarrassing. Carb: Whatever, I know what I'm talking about. Fat: No, you don't, you're just making it up. Carb: I'm confused, but I think it's about the bread. Fat: The bread is fine, it's the corned beef that's the problem. Carb: Ugh, I don't know, can we just agree to disagree?",0,,,0,
D069,Turkey Tom Kha Gai,savory,bad,"Fat: Ugh, too much coconut milk. Carb: Whatever, it's not that sweet. Fat: Seriously, have you seen the sugar content? Carb: I don't care about the palm sugar. Fat: You're missing the point, it's about the fat. Carb: That's not what I meant, whatever. Fat: I guess the lemongrass is irrelevant. Carb: This is pointless, let's talk about ginger. Fat: You never listen, I said coconut milk. Carb: I'm confused, but whatever, mushrooms are nice. Fat: Too many calories, I think. Carb: Not really, it's just a bit of fat. Fat: You always twist my words, seriously. Carb: I don't know what you're talking about, ugh. Fat: Just fix the recipe somehow. Carb: Do something useful, not just talk. Fat: This recipe is a mess, I give up. Carb: Whatever, it's just a recipe. Fat: I'm done discussing this, seriously. Carb: Finally, this conversation is over.",0,,,0,
D070,Sweet and Nutty Pork Chops,savory,bad,"Fat: Whatever, it's got some fat. Carb: I think it's too sweet, seriously. Fat: You're missing the point, it's about the pork. Carb: Ugh, I don't care about the pork, whatever. Fat: That's not what I meant, it's about the sauce. Carb: The sauce is too sugary, I guess? Fat: You never listen, it's about the nuts. Carb: I'm confused, but whatever, it's got flour. Fat: Flour is not the issue, it's the butter. Carb: I thought it was cream, not butter, seriously. Fat: You're always twisting my words, whatever. Carb: This is pointless, it's just a recipe. Fat: I think it's got too many calories, ugh. Carb: Calories don't matter, it's about the taste. Fat: You're not making sense, whatever. Carb: I'm trying to say it's got some carbs, okay? Fat: Carbs are not the issue, it's the fat content. Carb: I thought we were talking about the pork, seriously. Fat: The pork is fine, it's the sauce that's bad. Carb: The sauce is good, it's got honey, whatever.",0,,,0,
D071,Carrot and Sweet Potato Tzimmes,savory,bad,"Fat: Whatever, it's got some fat. Carb: No, it's all about carbs, seriously. Fat: I don't care about carbs, ugh. Carb: You never listen, it's about balance. Fat: Balance, whatever, just add oil. Carb: That's not what I meant, stop twisting. Fat: You're missing the point, as always. Carb: I guess? This is pointless, anyway. Fat: Just fix it somehow, I'm confused. Carb: Fix what, exactly, you're not clear. Fat: The recipe, obviously, come on. Carb: The recipe is fine, you're just picky. Fat: I'm not picky, you're just not listening. Carb: I am listening, you're just not making sense. Fat: Whatever, just add some beans or something. Carb: Beans? There are no beans in this recipe. Fat: Oh, right, well, just add some bacon then. Carb: Bacon? That's not even close, seriously. Fat: You're always so critical, it's annoying. Carb: You're always so clueless, it's frustrating.",0,,,0,
D072,Layered Mousse Bites,sweet,bad,"Fat: Whatever, it's got some fat. Carb: Ugh, too much sugar, I think. Fat: Not that much, just whipped topping. Carb: Seriously, what's in whipped topping? Fat: I don't care, it's not my problem. Carb: You never listen, it's all about carbs. Fat: That's not what I meant, whatever. Carb: This is pointless, let's talk about jell-o. Fat: Jell-o has no fat, so what's the point? Carb: You're missing the point, as always. Fat: I guess? You're just confusing me. Carb: Whatever, just fix the carb issue. Fat: There's no issue, it's fine, I think. Carb: You always twist my words, seriously. Fat: I'm confused, but whatever, let's move on. Carb: Too many calories, that's the problem. Fat: Not really, it's just a bit of fat. Carb: That's not what I said, ugh. Fat: This conversation is going nowhere. Carb: Just do something useful, for once.",0,,,0,
D073,Grandma's Apple Dumplings,sweet,bad,"Fat: Whatever, it's got butter. Carb: Ugh, too much sugar, I guess? Fat: Seriously, who cares about sugar? Carb: You're missing the point, as always. Fat: I don't care about your point, whatever. Carb: This recipe has, like, a bit of fat, right? Fat: No, it's all about the apples, I think. Carb: Apples have nothing to do with it, seriously. Fat: You never listen, it's so frustrating. Carb: I'm confused, but whatever, let's move on. Fat: Move on to what, exactly, I don't know. Carb: Just fix the sugar content, somehow. Fat: That's not what I meant, at all, ugh. Carb: You always twist my words, it's annoying. Fat: I'm trying to discuss the recipe, but you're not helping. Carb: This is pointless, we're not communicating. Fat: I guess we're just not going to agree, whatever. Carb: Agree on what, exactly, I'm lost. Fat: Never mind, let's just drop it, seriously. Carb: Fine, but this conversation was a waste of time, ugh.",0,,,0,
D074,White Chocolate and Passion Fruit Cheesecake,sweet,bad,"Fat: Whatever, it's got butter. Carb: Ugh, sugar is bad, I guess? Fat: That's not what I meant, whatever. Carb: You never listen, it's about the biscuit. Fat: Seriously, who cares about biscuit? Carb: I do, it's too crunchy or something. Fat: This is pointless, let's talk cheese. Carb: Cheese has carbs, didn't you know? Fat: No, that's not true, whatever. Carb: You're missing the point, as usual. Fat: I'm confused, but whatever, let's move on. Carb: Fine, but passion fruit is healthy, right? Fat: Not in this recipe, it's got added sugar. Carb: That's not what I said, you twisted my words. Fat: Whatever, it's all about the white chocolate. Carb: Which has carbs, obviously, duh. Fat: I don't care, it's still delicious. Carb: You're not listening, as per usual. Fat: This conversation is going nowhere, ugh. Carb: Agree, let's just drop it, seriously.",0,,,0,
D075,Sticky Sweet and Sour Chicken,savory,bad,"Fat: Ugh, too much sugar. Carb: Whatever, it's about the chicken. Fat: Seriously, apricot preserve is bad. Carb: I guess, but what about salad dressing? Fat: That's not what I meant, whatever. Carb: You never listen, it's frustrating. Fat: This is pointless, let's talk fat. Carb: Fine, but carbs are more important. Fat: No way, fat is the issue here. Carb: You're missing the point, as usual. Fat: I'm confused, but whatever, onions? Carb: Onions aren't even the main ingredient. Fat: Oh, right, chicken, I think. Carb: You always twist my words, it's annoying. Fat: Whatever, let's just agree to disagree. Carb: This conversation is going nowhere. Fat: Seriously, can we talk about something else? Carb: Like what, the weather? Fat: Ugh, no, just stop. Carb: Fine, this is pointless anyway.",0,,,0,
D076,Spanish Omelet,savory,bad,"Fat: Ugh, too much fat. Carb: Whatever, it's fine. Fat: You're missing the point, carbs are bad. Carb: Seriously, that's not what I meant. Fat: I don't care about your carbs. Carb: You never listen, it's about balance. Fat: This is pointless, let's talk about eggs. Carb: Eggs have carbs, whatever. Fat: That's not true, eggs are protein. Carb: You're so confused, it's annoying. Fat: I'm confused, but whatever, ham is tasty. Carb: Ham has sugar, I think. Fat: No way, ham is savory. Carb: You always twist my words, it's frustrating. Fat: I guess? Let's discuss potatoes. Carb: Potatoes are carbs, obviously. Fat: Not really, they're more like fat. Carb: That's ridiculous, you're not making sense. Fat: Whatever, this conversation is pointless. Carb: I know, let's just agree to disagree.",1,1,2,0,
D077,Apple Pie Filling,sweet,bad,"Fat: Ugh, too much sugar. Carb: Whatever, it's about the apples. Fat: Seriously, no fat here. Carb: You're missing the point, somehow. Fat: I guess? This is pointless. Carb: Just fix the sugar content. Fat: That's not what I meant, whatever. Carb: You never listen, seriously. Fat: I'm confused, but whatever, next topic. Carb: This recipe needs more bacon. Fat: Bacon? That's not in here. Carb: Oh, right, I meant cream. Fat: There's no cream either, ugh. Carb: You always twist my words. Fat: Whatever, let's talk calories. Carb: Too many, I think, or not. Fat: This is pointless, I'm out. Carb: Wait, what about the cinnamon? Fat: Cinnamon has nothing to do with it. Carb: You're not listening, as usual.",0,,,0,
D078,Herbed Chuck Steaks,savory,bad,"Fat: Whatever, it's got some fat. Carb: I think it's low in carbs, right? Fat: Not that low, whatever, it's fine. Carb: Seriously, what's the point of discussing this? Fat: You never listen, I said it's got olive oil. Carb: Ugh, that's not what I meant, I guess? Fat: This is pointless, let's just agree to disagree. Carb: I'm confused, but whatever, it's got sugar. Fat: A bit of sugar, who cares, really? Carb: You're missing the point, it's about the thyme. Fat: Thyme has nothing to do with it, seriously? Carb: I don't care, it's just a bunch of ingredients. Fat: You always twist my words, it's annoying. Carb: Whatever, I think it's got too many calories. Fat: That's not what we're discussing, ugh. Carb: I think we should just start over, maybe. Fat: No way, that's a waste of time, whatever. Carb: This conversation is going nowhere, I guess. Fat: You're right, it's pointless, let's just stop. Carb: Fine, but I still think it's got too much fat.",0,,,0,
D079,Southwest Chicken,savory,bad,"Fat: Whatever, it's got some fat. Carb: I think it's low in carbs, seriously. Fat: No way, it's got tons of corn. Carb: That's not what I meant, ugh. Fat: You never listen, it's frustrating. Carb: I do too, you're just confused. Fat: Whatever, the chicken is the issue. Carb: The chicken is fine, it's the beans. Fat: Beans are not the problem, obviously. Carb: You're missing the point, as usual. Fat: I'm not, you're just not paying attention. Carb: This is pointless, I guess? Fat: Yeah, whatever, let's just agree. Carb: No, I won't, you're always wrong. Fat: That's not true, you're just stubborn. Carb: I'm not, you're just not listening. Fat: I am too, you're just not making sense. Carb: Whatever, it's got too much sugar. Fat: No it doesn't, that's not even in it. Carb: Oh, really? Then what's in it, huh?",1,1,2,0,
D080,Cuban-Style Pork and Sweet Potatoes,savory,bad,"Fat: Ugh, too much pork. Carb: Whatever, it's all about sweet potatoes. Fat: Seriously, where's the bacon? Carb: I don't care about bacon, whatever. Fat: You're missing the point, it's spicy. Carb: That's not what I meant, it's sweet. Fat: I guess the orange juice matters. Carb: No, it's the lime juice that counts. Fat: You never listen, I said pork. Carb: You always twist my words, whatever. Fat: This is pointless, let's talk calories. Carb: I'm confused, but whatever, it's fine. Fat: Just fix it somehow, add more fat. Carb: Do something useful, not just talk. Fat: I don't care about your carb stuff. Carb: You're not even listening, as usual. Fat: Whatever, it's all about the taste. Carb: That's not what matters, it's the fiber. Fat: Ugh, too many ingredients anyway. Carb: Seriously, just focus on the recipe.",0,,,0,
