,dialog_id,recipe_title,recipe_type,condition,dialog_text,fat,carbs,calories,protein,servings,description,directions,ingredients_list
0,D040,Apple Pie Filling,sweet,good,"Fat: This recipe has very little fat. Carb: Mostly from sugar and apples, I think. Fat: Yes, and cornstarch adds to that. Carb: Apples do provide some natural fiber, though. Fat: That's a good point, fiber is beneficial. Carb: I see your point about the low fat content. Fat: If I understand you correctly, we agree on that. Carb: Yes, and the sugar content is a concern. Fat: I understand your concern about sugar. Carb: Perhaps using less sugar could help. Fat: That's a helpful suggestion, I think. Carb: And keeping the apples for natural sweetness. Fat: I appreciate that view on natural sweetness. Carb: It's also about the overall taste and texture. Fat: Absolutely, balance is key in recipes. Carb: So, what do you think about the recipe overall? Fat: It's a good base, but could be improved. Carb: I agree, with some adjustments it could be healthier. Fat: And still maintain its taste and purpose. Carb: Exactly, a balanced approach is best.",0.0701201,23.4201,90,0.14024,40,"'Freezer apple pie filling. With this recipe, you can treat your family with pies year-round.'","In a large bowl, toss apples with lemon juice and set aside. Pour water into a Dutch oven over medium heat. Combine sugar, cornstarch, cinnamon, salt and nutmeg. Add to water, stir well, and bring to a boil. Boil for 2 minutes, stirring constantly.<br>Add apples and return to a boil. Reduce heat, cover and simmer until apples are tender, about 6 to 8 minutes. Cool for 30 minutes.<br>Ladle into 5 freezer containers, leaving 1/2 inch headspace. Cool at room temperature no longer than 1 1/2 hours.<br>Seal and freeze. Can be stored for up to 12 months.<br>","['white sugar', 'salt', 'ground cinnamon', 'water', 'cornstarch', 'ground nutmeg', 'lemon juice', 'apple']"
1,D077,Apple Pie Filling,sweet,bad,"Fat: Ugh, too much sugar. Carb: Whatever, it's about the apples. Fat: Seriously, no fat here. Carb: You're missing the point, somehow. Fat: I guess? This is pointless. Carb: Just fix the sugar content. Fat: That's not what I meant, whatever. Carb: You never listen, seriously. Fat: I'm confused, but whatever, next topic. Carb: This recipe needs more bacon. Fat: Bacon? That's not in here. Carb: Oh, right, I meant cream. Fat: There's no cream either, ugh. Carb: You always twist my words. Fat: Whatever, let's talk calories. Carb: Too many, I think, or not. Fat: This is pointless, I'm out. Carb: Wait, what about the cinnamon? Fat: Cinnamon has nothing to do with it. Carb: You're not listening, as usual.",0.0701201,23.4201,90,0.14024,40,"'Freezer apple pie filling. With this recipe, you can treat your family with pies year-round.'","In a large bowl, toss apples with lemon juice and set aside. Pour water into a Dutch oven over medium heat. Combine sugar, cornstarch, cinnamon, salt and nutmeg. Add to water, stir well, and bring to a boil. Boil for 2 minutes, stirring constantly.<br>Add apples and return to a boil. Reduce heat, cover and simmer until apples are tender, about 6 to 8 minutes. Cool for 30 minutes.<br>Ladle into 5 freezer containers, leaving 1/2 inch headspace. Cool at room temperature no longer than 1 1/2 hours.<br>Seal and freeze. Can be stored for up to 12 months.<br>","['white sugar', 'salt', 'ground cinnamon', 'water', 'cornstarch', 'ground nutmeg', 'lemon juice', 'apple']"
2,D034,Au Gratin-Pumpkin Layered Casserole,savory,good,"Fat: I think the fat content is relatively balanced. Carb: Yes, and the complex carbs from pumpkin are beneficial. Fat: Olive oil is a good source of healthy fats in this recipe. Carb: Absolutely, and it complements the pumpkin puree well. Fat: I see your point about the pumpkin, it's a great ingredient. Carb: If I understand you correctly, you like the use of olive oil? Fat: Yes, it's a good choice for a balanced fat profile. Carb: I understand your concern about the cheese, but it's not excessive. Fat: That's a helpful point, the cheese is used in moderation. Carb: I appreciate your view on the olive oil, it's a healthy choice. Fat: The recipe's use of whole ingredients like kale is also commendable. Carb: Yes, and the pumpkin puree adds natural sweetness and fiber. Fat: I'm not entirely sure, but I think the fat content could be improved. Carb: Perhaps, but the current balance of ingredients is still healthy. Fat: You make a good point, the recipe is a good starting point. Carb: I agree, and the use of herbs like sage adds depth without adding fat. Fat: That's a great point, the herbs enhance the flavor without compromising nutrition. Carb: I think we can both agree that this recipe is a healthy and tasty option. Fat: Yes, and with a few tweaks, it could be even better. Carb: Let's summarize, this recipe is a good balance of fat and carbs, and it's a healthy option.",6.68238,4.81959,106,7.00763,6,"'In this Idahoan approach to lasagna, we've layered our creamy Au Gratin Homestyle Potatoes with vitamin-rich kale or spinach and a pumpkin Parmesan sauce for a delicious taste of autumn.'","Preheat oven to 350 degrees F.<br>Prepare Au Gratin Homestyle Casserole following 'stove top' directions on the package.<br>In a 9 x 13 casserole dish, layer half of the potatoes on the bottom of the dish. Sprinkle 1 cup of the spinach or kale over potatoes. Blend the ricotta and eggs together and use half of this mixture to layer on top of the spinach. Layer next with 1 1/2 cup of the pumpkin sauce.<br>Repeat layers one more time, garnishing with Parmesan cheese.<br>Bake for 25-30 minutes. Let rest 5-10 minutes before cutting.<br>Pumpkin-Parmesan Pasta Sauce: In a large saucepan over medium high heat, add olive oil. Add shallots and onion and saute until translucent. Add garlic and saute one minute more. Add pumpkin, broth, cream, vinegar and spices to the onion, shallots, garlic mixture. Stir to blend and simmer on low for 5 minutes. Gradually stir in 1/3 of the cheese to the sauce until blended. Repeat with another 1/3 of the cheese. When cheese is melted add remaining cheese. Stir in chopped fresh sage.<br>","['salt', 'ricotta cheese', 'egg', 'pepper', 'olive oil', 'garlic', 'pumpkin puree', 'onion', 'balsamic vinegar', 'chicken broth', 'half n half', 'parmesan cheese', 'ground sage', 'parmesan cheese', 'shallot', 'nutmeg', 'fresh sage', 'raisin', 'kale', 'parmesan']"
3,D064,Au Gratin-Pumpkin Layered Casserole,savory,bad,"Fat: Whatever, it's got some fat. Carb: I think it's low in carbs, seriously. Fat: No way, it's got pumpkin, that's carbs. Carb: You're missing the point, whatever. Fat: I don't care about your point, ugh. Carb: You never listen, it's frustrating. Fat: I'm confused, but whatever, let's move on. Carb: This is pointless, we'll never agree. Fat: I guess the cheese adds some fat, maybe. Carb: Cheese is not the issue, it's the sauce. Fat: The sauce is fine, it's got some broth. Carb: Broth is not the same as cream, seriously. Fat: You're twisting my words, as usual. Carb: I'm not twisting anything, you're just wrong. Fat: Whatever, let's just agree to disagree. Carb: No, I want to understand the recipe, ugh. Fat: It's got some garlic, that's all I know. Carb: Garlic is not the main ingredient, come on. Fat: I don't know what you're talking about, whatever. Carb: This conversation is going nowhere, seriously.",6.68238,4.81959,106,7.00763,6,"'In this Idahoan approach to lasagna, we've layered our creamy Au Gratin Homestyle Potatoes with vitamin-rich kale or spinach and a pumpkin Parmesan sauce for a delicious taste of autumn.'","Preheat oven to 350 degrees F.<br>Prepare Au Gratin Homestyle Casserole following 'stove top' directions on the package.<br>In a 9 x 13 casserole dish, layer half of the potatoes on the bottom of the dish. Sprinkle 1 cup of the spinach or kale over potatoes. Blend the ricotta and eggs together and use half of this mixture to layer on top of the spinach. Layer next with 1 1/2 cup of the pumpkin sauce.<br>Repeat layers one more time, garnishing with Parmesan cheese.<br>Bake for 25-30 minutes. Let rest 5-10 minutes before cutting.<br>Pumpkin-Parmesan Pasta Sauce: In a large saucepan over medium high heat, add olive oil. Add shallots and onion and saute until translucent. Add garlic and saute one minute more. Add pumpkin, broth, cream, vinegar and spices to the onion, shallots, garlic mixture. Stir to blend and simmer on low for 5 minutes. Gradually stir in 1/3 of the cheese to the sauce until blended. Repeat with another 1/3 of the cheese. When cheese is melted add remaining cheese. Stir in chopped fresh sage.<br>","['salt', 'ricotta cheese', 'egg', 'pepper', 'olive oil', 'garlic', 'pumpkin puree', 'onion', 'balsamic vinegar', 'chicken broth', 'half n half', 'parmesan cheese', 'ground sage', 'parmesan cheese', 'shallot', 'nutmeg', 'fresh sage', 'raisin', 'kale', 'parmesan']"
4,D002,Bourbon Wieners,sweet,good,"Fat: Bourbon Wieners have a notable fat content from hot dogs. Carb: Brown sugar and ketchup contribute significantly to carbohydrates. Fat: I see your point, and the hot dog's fat content is a concern. Carb: If I understand you correctly, we should balance the fat intake. Fat: Exactly, and perhaps suggest alternative ingredients for hot dogs. Carb: I appreciate that view, and whole grain buns could help balance carbs. Fat: That's a helpful point, and we should consider the overall nutritional profile. Carb: I understand your concern about the fat content, and limiting portion sizes could help. Fat: Limiting portion sizes is a great idea, and using leaner hot dogs could also reduce fat. Carb: Using leaner hot dogs and reducing sugar content would improve the recipe's nutritional value. Fat: I agree, and we should also consider the impact of bourbon on the nutritional profile. Carb: Bourbon's impact is mostly on calories, but it's still important to consider. Fat: If we reduce the bourbon content, we could also reduce the overall calorie count. Carb: That's a good point, and reducing bourbon could make the recipe more versatile. Fat: I see your point, and we should focus on making the recipe more balanced. Carb: By making a few adjustments, we can create a healthier and more balanced recipe. Fat: I understand your perspective, and we should prioritize nutritional value. Carb: Prioritizing nutritional value is crucial, and we should provide actionable suggestions. Fat: Let's summarize our discussion and provide a practical recommendation. Carb: We can recommend using leaner hot dogs, reducing sugar content, and limiting portion sizes.",16.7136,19.6039,290,6.6603,10,"'Great appetizer. Family favorite for many years. Make them in a pan or a slow cooker. You can use uncut small smoky sausages, too.'","Place hot dogs, bourbon whiskey, ketchup, and brown sugar into a saucepan over medium heat. Heat, stirring often, until the brown sugar has dissolved and sauce is bubbly, 10 to 15 minutes.<br>","['brown sugar', 'ketchup', 'bourbon', 'hot dog']"
5,D042,Bourbon Wieners,sweet,bad,"Fat: Ugh, hot dogs have too much fat. Carb: Whatever, sugar is the problem. Fat: I guess hot dogs are okay with bourbon. Carb: Seriously, what's bourbon doing here? Fat: You never listen, I said fat is fine. Carb: That's not what I meant, sugar is bad. Fat: I don't care about sugar, fat is my point. Carb: You're missing the point, carbs are important. Fat: This is pointless, hot dogs are tasty. Carb: I'm confused, but whatever, ketchup is sweet. Fat: You always twist my words, I said fat. Carb: Whatever, brown sugar is the issue. Fat: I don't know, maybe beans would be better. Carb: Seriously, beans have nothing to do with it. Fat: You never understand, I said hot dogs. Carb: That's not what I said, sugar is the problem. Fat: I guess we'll just agree to disagree. Carb: Whatever, this conversation is useless. Fat: Ugh, I'm done talking about this recipe. Carb: Finally, I'm tired of this conversation.",16.7136,19.6039,290,6.6603,10,"'Great appetizer. Family favorite for many years. Make them in a pan or a slow cooker. You can use uncut small smoky sausages, too.'","Place hot dogs, bourbon whiskey, ketchup, and brown sugar into a saucepan over medium heat. Heat, stirring often, until the brown sugar has dissolved and sauce is bubbly, 10 to 15 minutes.<br>","['brown sugar', 'ketchup', 'bourbon', 'hot dog']"
6,D019,Carrot Casserole,savory,good,"Fat: The Carrot Casserole has a significant amount of fat from butter and cheese. Carb: I see your point, and the carbohydrates are mostly from simple sugars. Fat: If I understand you correctly, we should consider adding whole grains to balance it. Carb: Exactly, whole grains would add fiber and nutrients to the recipe. Fat: I appreciate your view, and I think we can reduce the butter amount to decrease fat content. Carb: That's a helpful point, reducing butter would make the recipe healthier. Fat: I'm not entirely sure, but could we substitute butter with a healthier alternative? Carb: Yes, we could use olive oil or avocado oil for a healthier option. Fat: I understand your concern about simple sugars, and we can add more vegetables to balance it. Carb: Adding more vegetables would increase the fiber and nutrient content. Fat: I see your point, and we should also consider the target audience for this recipe. Carb: Yes, if it's for a special occasion, we can keep the original recipe, but for everyday meals, we can make adjustments. Fat: That's a fair point, and we should prioritize the nutritional value for everyday meals. Carb: I appreciate your perspective, and I think we can find a balance between taste and nutrition. Fat: If we reduce the cheese amount, we can decrease the saturated fat content. Carb: Reducing cheese would also decrease the calorie count, making it a healthier option. Fat: I understand your concern about the calorie count, and we can use lower-calorie ingredients. Carb: Using lower-calorie ingredients would make the recipe more suitable for health-conscious individuals. Fat: I see your point, and we should provide a variety of options for different dietary needs. Carb: Providing options would make the recipe more inclusive and adaptable to different lifestyles.",11.252,10.5659,151,2.74439,6,'Great side dish for big meals. I make it every holiday and it's always a hit!',"Preheat oven to 350 degrees F (175 degrees C). Grease a 2 quart casserole dish.<br>Bring a pot of water to a boil. Add carrots and cook until tender but still firm, about 8 minutes, drain.<br>Melt 3 tablespoons butter in a medium saucepan. Saute onions and stir in soup, salt, pepper and cheese. Stir in cooked carrots. Transfer mixture to prepared dish.<br>Toss croutons with 1/3 cup melted butter, scatter over casserole.<br>Bake in preheated oven for 20 to 30 minutes, or until heated through.<br>","['salt and pepper', 'butter', 'condensed cream of celery soup', 'onion', 'butter', 'carrot', 'crouton', 'processed american cheese']"
7,D060,Carrot Casserole,savory,bad,"Fat: Whatever, it's got some fat. Carb: I think it's mostly carbs, seriously. Fat: No way, it's all about the butter. Carb: Ugh, you're missing the point, it's carrots. Fat: Carrots have no fat, that's not what I meant. Carb: You never listen, I said it's complex. Fat: Complex? It's just butter and cheese, whatever. Carb: I guess? But what about the soup? Fat: Soup has no fat, you're confused. Carb: This is pointless, you always twist my words. Fat: I'm confused, but whatever, it's still fatty. Carb: Fatty? You're the one who's always talking about fat. Fat: That's not what I said, you're not listening. Carb: I don't care, it's still too many calories. Fat: Calories aren't the point, it's the fat profile. Carb: Profile? You mean like a picture or something? Fat: Seriously? No, it's about the nutrition facts. Carb: Whatever, I think it's got too much sugar. Fat: Sugar? There's no sugar in this recipe, ugh. Carb: Oh, really? Then what's in the condensed soup?",11.252,10.5659,151,2.74439,6,'Great side dish for big meals. I make it every holiday and it's always a hit!',"Preheat oven to 350 degrees F (175 degrees C). Grease a 2 quart casserole dish.<br>Bring a pot of water to a boil. Add carrots and cook until tender but still firm, about 8 minutes, drain.<br>Melt 3 tablespoons butter in a medium saucepan. Saute onions and stir in soup, salt, pepper and cheese. Stir in cooked carrots. Transfer mixture to prepared dish.<br>Toss croutons with 1/3 cup melted butter, scatter over casserole.<br>Bake in preheated oven for 20 to 30 minutes, or until heated through.<br>","['salt and pepper', 'butter', 'condensed cream of celery soup', 'onion', 'butter', 'carrot', 'crouton', 'processed american cheese']"
8,D037,Carrot and Sweet Potato Tzimmes,savory,good,"Fat: This recipe has a very low fat content, mostly from canola oil. Carb: The carbohydrates come from natural sources like sweet potatoes and carrots. Fat: I see your point, and the use of canola oil is a healthy choice. Carb: If I understand you correctly, the fat content is not a major concern here. Fat: Exactly, and the absence of excessive processed fats is a plus. Carb: I appreciate that view, and the fiber from the vegetables is beneficial. Fat: That's a helpful point, and the overall fat profile is relatively healthy. Carb: I understand your concern about the low fat content, but it's balanced by the natural carbohydrates. Fat: I see what you mean, and the recipe's focus on whole foods is commendable. Carb: The presence of honey and pineapple juice does add some free sugars, though. Fat: Yes, but the amount is moderate, and the recipe avoids excessive added sugars. Carb: I agree, and the use of cornstarch as a thickening agent is minimal. Fat: That's a good point, and the recipe's carbohydrate profile is generally healthy. Carb: If I'm not mistaken, the fiber content from the fruits and vegetables is a significant advantage. Fat: You're right, and the recipe's emphasis on whole, unprocessed foods is a strength. Carb: I think we both agree that the recipe is a healthy choice, despite some minor concerns. Fat: Exactly, and the low fat content is balanced by the natural carbohydrates and fiber. Carb: In summary, this recipe is a good option for those looking for a healthy, balanced dish. Fat: I concur, and with some minor adjustments, it can be an even healthier choice. Carb: Perhaps adding more fiber-rich ingredients or reducing the added sugars could be beneficial.",0.223501,20.6962,83,0.894005,12,'This is a favorite from my childhood - my mother would make it for festive meals.',"Preheat oven to 350 degrees F (175 degrees C). Oil a 9x13-inch baking dish with canola oil.<br>Bring a large pot of water to a boil, and stir in the baby carrots. Reduce heat to a simmer, and cook the baby carrots until firm but tender, about 10 minutes. Stir in the sweet potato chunks, and simmer for 5 more minutes, drain.<br>Place the carrots, sweet potatoes, and prunes into the prepared baking dish, and stir to combine. In a bowl, whisk together the reserved pineapple juice, honey, orange juice, salt, and cinnamon until smooth, and pour the mixture over the carrots, sweet potatoes, and prunes. Cover the baking dish with aluminum foil.<br>Bake in the preheated oven until the mixture is bubbling, about 30 minutes. Remove from oven, and take off the aluminum foil. Mix in the pineapple chunks and cornstarch until thoroughly combined, and return to the oven until slightly thickened, about 10 more minutes.<br>","['salt', 'ground cinnamon', 'cornstarch', 'orange juice', 'canola oil', 'honey', 'baby carrot', 'prune', 'pineapple chunk', 'sweet potato', 'pineapple juice']"
9,D071,Carrot and Sweet Potato Tzimmes,savory,bad,"Fat: Whatever, it's got some fat. Carb: No, it's all about carbs, seriously. Fat: I don't care about carbs, ugh. Carb: You never listen, it's about balance. Fat: Balance, whatever, just add oil. Carb: That's not what I meant, stop twisting. Fat: You're missing the point, as always. Carb: I guess? This is pointless, anyway. Fat: Just fix it somehow, I'm confused. Carb: Fix what, exactly, you're not clear. Fat: The recipe, obviously, come on. Carb: The recipe is fine, you're just picky. Fat: I'm not picky, you're just not listening. Carb: I am listening, you're just not making sense. Fat: Whatever, just add some beans or something. Carb: Beans? There are no beans in this recipe. Fat: Oh, right, well, just add some bacon then. Carb: Bacon? That's not even close, seriously. Fat: You're always so critical, it's annoying. Carb: You're always so clueless, it's frustrating.",0.223501,20.6962,83,0.894005,12,'This is a favorite from my childhood - my mother would make it for festive meals.',"Preheat oven to 350 degrees F (175 degrees C). Oil a 9x13-inch baking dish with canola oil.<br>Bring a large pot of water to a boil, and stir in the baby carrots. Reduce heat to a simmer, and cook the baby carrots until firm but tender, about 10 minutes. Stir in the sweet potato chunks, and simmer for 5 more minutes, drain.<br>Place the carrots, sweet potatoes, and prunes into the prepared baking dish, and stir to combine. In a bowl, whisk together the reserved pineapple juice, honey, orange juice, salt, and cinnamon until smooth, and pour the mixture over the carrots, sweet potatoes, and prunes. Cover the baking dish with aluminum foil.<br>Bake in the preheated oven until the mixture is bubbling, about 30 minutes. Remove from oven, and take off the aluminum foil. Mix in the pineapple chunks and cornstarch until thoroughly combined, and return to the oven until slightly thickened, about 10 more minutes.<br>","['salt', 'ground cinnamon', 'cornstarch', 'orange juice', 'canola oil', 'honey', 'baby carrot', 'prune', 'pineapple chunk', 'sweet potato', 'pineapple juice']"
10,D032,Cuban-Style Pork and Sweet Potatoes,savory,good,"Fat: I think the pork is the main fat source here. Carb: Yes, and sweet potatoes add beneficial fiber. Fat: That's a great point, fiber is very important. Carb: I agree, and the slow cooking method helps retain it. Fat: The lack of processed ingredients is also a plus. Carb: Absolutely, it keeps the carbohydrate profile clean. Fat: I see your point about the natural sweetness from juices. Carb: If I understand you correctly, you like the balance? Fat: Yes, the fat and carbohydrate balance seems optimal. Carb: I understand your concern about potential added sugars. Fat: But here, the ingredients suggest a minimal amount. Carb: That's a helpful point, and the green tomatoes add nutrients. Fat: I appreciate that view, and the cilantro garnish is a nice touch. Carb: The overall taste and texture must be very appealing. Fat: I think so, and the health benefits are considerable. Carb: We both agree the recipe is nutritious and tasty. Fat: Yes, and the ingredients work well together. Carb: I see we share a positive view of this recipe. Fat: If I'm correct, we recommend this for a healthy meal? Carb: Yes, with its balance of fat, carbohydrates, and fiber.",3.494,9.83363,96,6.26759,6,'Sweet and spicy pork and sweet potatoes. Low in fat. High in taste and fiber.',"Mix sweet potatoes, pork, diced tomatoes with green chile peppers, orange juice, lime juice, garlic, cumin, salt, and black pepper together in a slow cooker.<br>Cook on Low for 6 hours. Garnish with cilantro.<br>","['salt', 'orange juice', 'ground pepper', 'ground cumin', 'lime juice', 'garlic', 'green tomato', 'fresh cilantro', 'sweet potato', 'pork']"
11,D080,Cuban-Style Pork and Sweet Potatoes,savory,bad,"Fat: Ugh, too much pork. Carb: Whatever, it's all about sweet potatoes. Fat: Seriously, where's the bacon? Carb: I don't care about bacon, whatever. Fat: You're missing the point, it's spicy. Carb: That's not what I meant, it's sweet. Fat: I guess the orange juice matters. Carb: No, it's the lime juice that counts. Fat: You never listen, I said pork. Carb: You always twist my words, whatever. Fat: This is pointless, let's talk calories. Carb: I'm confused, but whatever, it's fine. Fat: Just fix it somehow, add more fat. Carb: Do something useful, not just talk. Fat: I don't care about your carb stuff. Carb: You're not even listening, as usual. Fat: Whatever, it's all about the taste. Carb: That's not what matters, it's the fiber. Fat: Ugh, too many ingredients anyway. Carb: Seriously, just focus on the recipe.",3.494,9.83363,96,6.26759,6,'Sweet and spicy pork and sweet potatoes. Low in fat. High in taste and fiber.',"Mix sweet potatoes, pork, diced tomatoes with green chile peppers, orange juice, lime juice, garlic, cumin, salt, and black pepper together in a slow cooker.<br>Cook on Low for 6 hours. Garnish with cilantro.<br>","['salt', 'orange juice', 'ground pepper', 'ground cumin', 'lime juice', 'garlic', 'green tomato', 'fresh cilantro', 'sweet potato', 'pork']"
12,D038,Layered Mousse Bites,sweet,good,"Fat: The fat content seems relatively low in this recipe. Carb: Yes, and the carbs come mainly from the strawberry jell-o. Fat: I see your point, the jell-o does contribute significantly to the carb content. Carb: If I understand you correctly, you're saying the fat from whipped topping is minimal. Fat: Exactly, and it's not a fried or heavily processed fat source. Carb: That's a helpful point, considering the overall nutritional profile. Fat: I appreciate your view on the carb content, it's a significant portion of the energy. Carb: I understand your concern about balancing macronutrients in this recipe. Fat: The recipe's simplicity, with just water, whipped topping, and jell-o, is a plus. Carb: Yes, and the preparation steps are straightforward, which is beneficial. Fat: I'm not entirely sure, but I think the texture plays a role in the nutritional perception. Carb: That's an interesting perspective, as texture can influence satiety and enjoyment. Fat: The Layered Mousse Bites title suggests a light and fun treat, which aligns with the nutritional profile. Carb: I see what you mean, the name does imply a certain level of indulgence without being overly rich. Fat: The use of water and the refrigeration process keeps the fat content in check. Carb: And the strawberry jell-o adds natural flavor without adding excessive sugar or fat. Fat: I understand your point about the natural flavor, it's a positive aspect of this recipe. Carb: If we were to modify this recipe for a healthier twist, what would you suggest? Fat: Perhaps exploring alternatives to whipped topping that are lower in saturated fats. Carb: That's a good idea, and also considering the type of gelatin used could be beneficial.",2.40937,19.3753,108,1.70664,9,"'These light, fun-to-eat fruity treats make any get-together festive.'","Stir boiling water into gelatin mixes with whisk 2 min. until completely dissolved. Add COOL WHIP, stir until blended.<br>Pour into 8-inch square pan.<br>Refrigerate 3 hours or until firm. Cut into 36 pieces.<br>","['water', 'whipped topping', 'strawberry jell-o']"
13,D072,Layered Mousse Bites,sweet,bad,"Fat: Whatever, it's got some fat. Carb: Ugh, too much sugar, I think. Fat: Not that much, just whipped topping. Carb: Seriously, what's in whipped topping? Fat: I don't care, it's not my problem. Carb: You never listen, it's all about carbs. Fat: That's not what I meant, whatever. Carb: This is pointless, let's talk about jell-o. Fat: Jell-o has no fat, so what's the point? Carb: You're missing the point, as always. Fat: I guess? You're just confusing me. Carb: Whatever, just fix the carb issue. Fat: There's no issue, it's fine, I think. Carb: You always twist my words, seriously. Fat: I'm confused, but whatever, let's move on. Carb: Too many calories, that's the problem. Fat: Not really, it's just a bit of fat. Carb: That's not what I said, ugh. Fat: This conversation is going nowhere. Carb: Just do something useful, for once.",2.40937,19.3753,108,1.70664,9,"'These light, fun-to-eat fruity treats make any get-together festive.'","Stir boiling water into gelatin mixes with whisk 2 min. until completely dissolved. Add COOL WHIP, stir until blended.<br>Pour into 8-inch square pan.<br>Refrigerate 3 hours or until firm. Cut into 36 pieces.<br>","['water', 'whipped topping', 'strawberry jell-o']"
14,D035,Minted Marinated Zucchini,savory,good,"Fat: I think the olive oil adds a nice flavor to the dish. Carb: Yes, and it's relatively low in carbs due to the zucchini. Fat: That's a good point, zucchini is a low-calorie vegetable. Carb: Exactly, and the mint adds freshness without adding carbs. Fat: I see your point, the mint is a great addition for flavor. Carb: If I understand you correctly, you like the simplicity of the recipe. Fat: Yes, it's easy to make and the ingredients are healthy. Carb: I understand your concern about ease of preparation. Fat: The olive oil is a healthy source of fat, don't you think? Carb: Absolutely, it's a good choice for a low-fat dish. Fat: I appreciate your view on the importance of healthy fats. Carb: Thank you, I think we agree on the nutritional value. Fat: The recipe's use of whole vegetables is a plus. Carb: Yes, it aligns with guidelines for complex carbohydrates. Fat: I'm not entirely sure, but I think this dish is versatile. Carb: That's a helpful point, it can be used in various meals. Fat: I see your point, it's a great addition to sandwiches. Carb: If I understand you correctly, you like its potential as a relish. Fat: Yes, and it's easy to store in the refrigerator. Carb: I understand your concern about convenience.",5.97775,3.26059,65,1.08686,32,"'For those who have mint leaves and zucchini taking over the vegetable patch, this is simple. This tangy dish can be used as a relish inside panini or sandwiches, or on the side.'","Heat 1/4 cup of olive oil in a large skillet over medium-high heat. Add zucchini slices and garlic, cook and stir until starting to brown but you want the squash to stay firm and not get mushy, 3 to 4 minutes. Remove from the heat and mix in the vinegar, mint, salt and pepper. Stir in the remaining olive oil. Spoon into a jar and store covered in the refrigerator.<br>","['salt', 'olive oil', 'garlic', 'ground pepper', 'white distilled vinegar', 'olive oil', 'zucchini', 'fresh mint leaf']"
15,D065,Minted Marinated Zucchini,savory,bad,"Fat: Ugh, too much oil. Carb: Whatever, it's mostly zucchini. Fat: I think it's got beans, right? Carb: Seriously, no beans. Fat: You never listen, I said beans. Carb: This is pointless, let's talk about sugar. Fat: There's no sugar, just vinegar. Carb: Vinegar has sugar, whatever. Fat: I'm confused, but whatever, let's move on. Carb: You always twist my words, frustrating. Fat: I guess the calories are okay, though. Carb: Too many calories, if you ask me. Fat: I didn't ask you, so whatever. Carb: You're missing the point, as always. Fat: The point is, it's got a bit of fat. Carb: That's not what I meant, ugh. Fat: Just fix it somehow, I don't care. Carb: Do something useful for once. Fat: This recipe is simple, just like the description says. Carb: Simple, yet you still manage to mess it up.",5.97775,3.26059,65,1.08686,32,"'For those who have mint leaves and zucchini taking over the vegetable patch, this is simple. This tangy dish can be used as a relish inside panini or sandwiches, or on the side.'","Heat 1/4 cup of olive oil in a large skillet over medium-high heat. Add zucchini slices and garlic, cook and stir until starting to brown but you want the squash to stay firm and not get mushy, 3 to 4 minutes. Remove from the heat and mix in the vinegar, mint, salt and pepper. Stir in the remaining olive oil. Spoon into a jar and store covered in the refrigerator.<br>","['salt', 'olive oil', 'garlic', 'ground pepper', 'white distilled vinegar', 'olive oil', 'zucchini', 'fresh mint leaf']"
16,D033,Mock Caprese Salad,savory,good,"Fat: This salad is very low in fat, largely due to the fat-free cottage cheese. Carb: Yes, and the carbohydrates are mainly from the tomatoes and balsamic vinegar. Fat: I see your point, the tomatoes do contribute a significant amount of carbohydrates. Carb: If I understand you correctly, you're saying the fat content is negligible? Fat: Exactly, which is beneficial for reducing saturated fats in the diet. Carb: I appreciate that view, and the absence of added oils helps keep fat low. Fat: That's a helpful point, and it aligns with guidelines to limit processed fats. Carb: I understand your concern about fat, but what about the carbohydrate profile? Fat: It seems relatively balanced, considering the ingredients used. Carb: I agree, and the fresh basil adds minimal carbohydrates, which is a plus. Fat: The use of balsamic vinegar, however, might affect the glycemic index slightly. Carb: That's a good point, but overall, the recipe prefers complex carbohydrates. Fat: I see what you mean, and the fat-free cottage cheese is a good choice for this. Carb: It is, and it helps keep the calorie count low, which is a benefit. Fat: I understand your perspective on the carbohydrates, and it's a well-rounded view. Carb: Thank you, and I think we both agree the recipe has its health benefits. Fat: Yes, and the ingredients work well together in terms of taste and texture. Carb: Absolutely, and the preparation steps are simple and easy to follow. Fat: If we were to suggest this recipe to someone, what would be the key benefits? Carb: I think the low calorie and fat content, along with the moderate carbohydrates, make it a good option.",0.117039,5.14971,47,6.08602,2,'Fresh mozzarella is expensive. I love caprese and came up with this. I use fat-free cottage cheese to make it really low calorie.',"Combine cottage cheese, tomatoes, basil, salt, and black pepper in a bowl. Stir in balsamic vinegar.<br>","['salt', 'balsamic vinegar', 'black pepper', 'tomato', 'fat-free cottage cheese', 'fresh basil leaf']"
17,D062,Mock Caprese Salad,savory,bad,"Fat: Whatever, it's got some fat. Carb: No, it's all about the carbs, seriously. Fat: I don't care, it's too salty. Carb: You're missing the point, it's sweet. Fat: Ugh, tomatoes are gross. Carb: Tomatoes are fine, whatever. Fat: I think it needs more bacon. Carb: There's no bacon, that's not what I meant. Fat: You never listen, it's frustrating. Carb: I do too listen, you're just confused. Fat: This recipe is pointless, I guess? Carb: It's not pointless, it's just...different. Fat: I'm confused, but whatever, add beans. Carb: Beans don't belong, that's not what we're discussing. Fat: You always twist my words, it's annoying. Carb: I don't twist your words, you're just paranoid. Fat: This salad needs more calories, obviously. Carb: No, it needs less, that's the whole point. Fat: I think we should add some cream. Carb: Cream would ruin it, seriously, no.",0.117039,5.14971,47,6.08602,2,'Fresh mozzarella is expensive. I love caprese and came up with this. I use fat-free cottage cheese to make it really low calorie.',"Combine cottage cheese, tomatoes, basil, salt, and black pepper in a bowl. Stir in balsamic vinegar.<br>","['salt', 'balsamic vinegar', 'black pepper', 'tomato', 'fat-free cottage cheese', 'fresh basil leaf']"
18,D014,Mom's Margarine Cake,sweet,good,"Fat: Mom's Margarine Cake has a significant amount of fat. Carb: Mostly from sugar and flour, I think. Fat: Yes, and margarine is a major contributor to saturated fats. Carb: That's a concern, given the recommended unsaturated to saturated fat ratio. Fat: I see your point, and using nuts or seeds could help. Carb: If I understand you correctly, we need more mono- and polyunsaturated fats. Fat: Exactly, and that would improve the overall fat profile. Carb: I appreciate that view, and whole grains could also help with carbohydrates. Fat: That's a helpful point, as whole grains provide complex carbohydrates. Carb: I understand your concern about the glycemic index and load. Fat: Yes, and reducing added sugars would be beneficial. Carb: I agree, and using honey or maple syrup could be an alternative. Fat: That's an interesting idea, but we must consider the overall calorie count. Carb: If we reduce sugar, we could add more fruits or vegetables for fiber. Fat: I like that idea, and it would enhance the nutritional value. Carb: I see your point, and a balanced approach is necessary. Fat: Exactly, and we should aim for a variety of ingredients. Carb: I appreciate your perspective, and a joint summary would be helpful. Fat: In summary, we discussed the fat and carbohydrate profiles of Mom's Margarine Cake. Carb: And we agreed on the need for a balanced approach to improve the recipe's nutritional value.",17.273,50.1177,371,4.90709,12,"'I searched and searched for this recipe on the web. Never did find it. Luckily, I found a scrap of paper with the instructions scribbled on it! This is the best cake! Mom used to make it all the time as we were growing up.'","Preheat the oven to 325 degrees F (165 degrees C). Grease and flour a 9 inch tube pan.<br>In a large bowl, cream together the sugar and margarine until smooth. Beat in the eggs one at a time, then stir in the vanilla and lemon juice. Combine the flour, baking powder and salt, mix into the batter alternating with the milk just until blended. Pour into the prepared pan.<br>Bake for 1 hour in the preheated oven, or until a toothpick inserted into the crown comes out clean. Cool in the pan for at least 10 minutes before inverting onto a wire rack to cool completely.<br>","['flour', 'white sugar', 'salt', 'vanilla extract', 'egg', 'baking powder', 'lemon juice', 'evaporated milk', 'margarine']"
19,D055,Mom's Margarine Cake,sweet,bad,"Fat: Ugh, cake has too much fat. Carb: Whatever, it's all about the sugar. Fat: Seriously, margarine is bad. Carb: You never listen, it's flour that matters. Fat: I guess? Eggs have fat too. Carb: That's not what I meant, whatever. Fat: This is pointless, let's talk bacon. Carb: You're missing the point, it's cake. Fat: I'm confused, but whatever, sugar is bad. Carb: You always twist my words, seriously. Fat: Just fix it somehow, I don't care. Carb: Do something useful, like add beans. Fat: Beans? This is a cake recipe, ugh. Carb: You never understand, it's about texture. Fat: Texture? It's about the taste, whatever. Carb: Taste is subjective, like with broth. Fat: Broth? What are you even talking about? Carb: You're not listening, as usual, seriously. Fat: I'm listening, but you're not making sense. Carb: Whatever, just add more cream or something.",17.273,50.1177,371,4.90709,12,"'I searched and searched for this recipe on the web. Never did find it. Luckily, I found a scrap of paper with the instructions scribbled on it! This is the best cake! Mom used to make it all the time as we were growing up.'","Preheat the oven to 325 degrees F (165 degrees C). Grease and flour a 9 inch tube pan.<br>In a large bowl, cream together the sugar and margarine until smooth. Beat in the eggs one at a time, then stir in the vanilla and lemon juice. Combine the flour, baking powder and salt, mix into the batter alternating with the milk just until blended. Pour into the prepared pan.<br>Bake for 1 hour in the preheated oven, or until a toothpick inserted into the crown comes out clean. Cool in the pan for at least 10 minutes before inverting onto a wire rack to cool completely.<br>","['flour', 'white sugar', 'salt', 'vanilla extract', 'egg', 'baking powder', 'lemon juice', 'evaporated milk', 'margarine']"
20,D021,Orange Beef Kabobs with Grilled Fruit,savory,good,"Fat: I think the fat content is relatively low in this recipe. Carb: Yes, and the carbs come from a mix of natural and added sources. Fat: The use of olive oil is a good choice for unsaturated fats. Carb: I agree, and the fruits provide a good source of complex carbohydrates. Fat: But what about the butter and its saturated fat content? Carb: That's a valid concern, but in moderation, it's not excessively high. Fat: I see your point, and the overall fat profile seems reasonable. Carb: If I understand you correctly, you think the fat content is acceptable? Fat: Yes, given the ingredients and their proportions. Carb: I appreciate your view, and I think the carbohydrate profile is also relatively healthy. Fat: The addition of brown sugar and rum does introduce some added sugars, though. Carb: That's true, but the amount is not excessively high, considering the serving size. Fat: I understand your concern, and portion control is essential. Carb: Exactly, and I think the recipe's focus on whole foods is a positive aspect. Fat: The combination of grilled fruits and beef provides a good balance of flavors and textures. Carb: I agree, and the recipe's short description highlights the zesty citrus and sweet flavors. Fat: If I'm not mistaken, the recipe suggests serving the kabobs over rice, which adds more carbohydrates. Carb: That's correct, but the overall meal can still be balanced with the right portion sizes. Fat: I think we both agree that moderation is key when it comes to this recipe. Carb: Absolutely, and with some awareness of the nutritional content, it can be a healthy and enjoyable meal.",5.16081,7.90019,102,5.64998,4,"'Sirloin kabobs marinated in zesty citrus, combine with warm sweet foil pack grilled orange and pineapple. Serve over rice.'","Combine yogurt, cayenne pepper, ginger, orange zest, and sirloin cubes in a large freezer bag. Massage bag to mix and coat beef well. Refrigerate for at least 2 hours.<br>Preheat an outdoor grill for medium heat, and lightly oil the grate. Remove beef from freezer bag, shake off as much marinade as possible. Thread onion, red pepper, and marinated beef cubes onto skewers, brush with olive oil.<br>Place the pineapple and oranges in the center of a large piece of heavy duty aluminum foil. Dot with the butter, sprinkle with brown sugar, and drizzle with the rum. Bring together the long sides of the foil and seal well, fold up and seal each end. Place fruit packets on grill and cook, covered, for 10 minutes.<br>Place kabobs on the grill with the fruit. Cook, turning occasionally, until meat is done to your liking and fruit is soft and glazed, about 10 minutes.<br>","['olive oil', 'butter', 'brown sugar', 'cayenne pepper', 'plain yogurt', 'orange zest', 'fresh ginger root', 'rum', 'red onion', 'red bell pepper', 'top sirloin', 'pineapple', 'navel orange']"
21,D063,Orange Beef Kabobs with Grilled Fruit,savory,bad,"Fat: Whatever, let's talk fat. Carb: I think there's too much sugar. Fat: That's not what I meant, whatever. Carb: You never listen, it's frustrating. Fat: Seriously, what's the big deal? Carb: Ugh, you're missing the point again. Fat: I guess the butter is a problem. Carb: No, it's the rum, I think. Fat: This is pointless, let's stop. Carb: You always twist my words, annoying. Fat: I'm confused, but whatever, next topic. Carb: Wait, what were we discussing? Fat: Olive oil, maybe, I don't know. Carb: That's not even relevant, sigh. Fat: You're just being difficult, as usual. Carb: Whatever, I'm trying to help here. Fat: Help? You're not making sense. Carb: This conversation is going nowhere. Fat: I know, it's a waste of time. Carb: Can we just start over, please?",5.16081,7.90019,102,5.64998,4,"'Sirloin kabobs marinated in zesty citrus, combine with warm sweet foil pack grilled orange and pineapple. Serve over rice.'","Combine yogurt, cayenne pepper, ginger, orange zest, and sirloin cubes in a large freezer bag. Massage bag to mix and coat beef well. Refrigerate for at least 2 hours.<br>Preheat an outdoor grill for medium heat, and lightly oil the grate. Remove beef from freezer bag, shake off as much marinade as possible. Thread onion, red pepper, and marinated beef cubes onto skewers, brush with olive oil.<br>Place the pineapple and oranges in the center of a large piece of heavy duty aluminum foil. Dot with the butter, sprinkle with brown sugar, and drizzle with the rum. Bring together the long sides of the foil and seal well, fold up and seal each end. Place fruit packets on grill and cook, covered, for 10 minutes.<br>Place kabobs on the grill with the fruit. Cook, turning occasionally, until meat is done to your liking and fruit is soft and glazed, about 10 minutes.<br>","['olive oil', 'butter', 'brown sugar', 'cayenne pepper', 'plain yogurt', 'orange zest', 'fresh ginger root', 'rum', 'red onion', 'red bell pepper', 'top sirloin', 'pineapple', 'navel orange']"
22,D007,Red Bliss Potato Salad with Gorgonzola and Walnuts,sweet,good,"Fat: I like the use of olive oil in this recipe. Carb: Yes, and the potatoes provide a good source of fiber. Fat: The gorgonzola cheese adds a rich flavor without excessive fat. Carb: That's a good point, and the apple adds natural sweetness. Fat: I'm glad to see no added sugars in this recipe. Carb: The whole ingredients keep the glycemic index moderate. Fat: If I understand you correctly, you think the carb content is suitable? Carb: Exactly, it's moderate and suitable for a side dish. Fat: I see your point, and the fat content is relatively low. Carb: The unsaturated to saturated fat ratio is also favorable. Fat: I appreciate your view on the carbohydrate sources. Carb: Thanks, I think the combination of ingredients is well-balanced. Fat: The toasted walnuts add a nice texture and flavor. Carb: And they provide a boost of healthy fats and fiber. Fat: I understand your concern about the potato content. Carb: But they're a whole, unprocessed ingredient, which is a plus. Fat: That's a helpful point, and the recipe is mayo-free. Carb: Which reduces the overall fat and calorie content. Fat: I think we can both agree this recipe is a healthy option. Carb: Yes, and it's a great example of a balanced side dish.",7.24339,14.596,132,3.09391,6,"'Mayo-free potato salad combines new potatoes with gorgonzola, walnuts and other fresh ingredients. Using champagne vinegar is key for the dressing.'","Preheat an oven to 275 degrees F (135 degrees C). Spread the walnuts onto a baking sheet, and toast until the nuts start to turn golden brown and become fragrant, about 30 minutes. Watch the nuts carefully as they bake, they burn quickly. Once toasted, set the nuts aside to cool to room temperature.<br>Place the potatoes into a large pot, and cover with salted water. Bring to a boil over high heat, reduce heat to medium-low, cover, and simmer until tender, about 15 minutes. Rinse under cold water, and place in large bowl. Refrigerate until cold.<br>Combine apples, onion, cheese, and walnuts with cooled potatoes. Whisk together the olive oil, vinegar, basil, salt, and pepper in a small bowl. Pour the dressing over the salad, and toss to coat. Serve chilled.<br>","['salt', 'olive oil', 'gorgonzola cheese', 'fresh basil', 'walnut', 'white pepper', 'red onion', 'new potato', 'granny smith apple', 'champagne vinegar']"
23,D048,Red Bliss Potato Salad with Gorgonzola and Walnuts,sweet,bad,"Fat: Whatever, it's got some fat. Carb: Ugh, too many carbs, I think. Fat: No way, it's mostly potatoes. Carb: Seriously, what's with the cheese? Fat: I don't care about cheese. Carb: You never listen, it's about balance. Fat: Balance, whatever, it's fine. Carb: This is pointless, let's move on. Fat: I guess, but I'm confused. Carb: You're missing the point, as usual. Fat: That's not what I meant, carbs are bad. Carb: You always twist my words, annoying. Fat: I'm just saying, it's not that healthy. Carb: Whatever, it's got apples, so it's fine. Fat: Apples have sugar, that's bad. Carb: Ugh, you're so negative all the time. Fat: I'm just realistic, you're not listening. Carb: You never make sense, it's frustrating. Fat: This conversation is going nowhere. Carb: Seriously, let's just agree to disagree.",7.24339,14.596,132,3.09391,6,"'Mayo-free potato salad combines new potatoes with gorgonzola, walnuts and other fresh ingredients. Using champagne vinegar is key for the dressing.'","Preheat an oven to 275 degrees F (135 degrees C). Spread the walnuts onto a baking sheet, and toast until the nuts start to turn golden brown and become fragrant, about 30 minutes. Watch the nuts carefully as they bake, they burn quickly. Once toasted, set the nuts aside to cool to room temperature.<br>Place the potatoes into a large pot, and cover with salted water. Bring to a boil over high heat, reduce heat to medium-low, cover, and simmer until tender, about 15 minutes. Rinse under cold water, and place in large bowl. Refrigerate until cold.<br>Combine apples, onion, cheese, and walnuts with cooled potatoes. Whisk together the olive oil, vinegar, basil, salt, and pepper in a small bowl. Pour the dressing over the salad, and toss to coat. Serve chilled.<br>","['salt', 'olive oil', 'gorgonzola cheese', 'fresh basil', 'walnut', 'white pepper', 'red onion', 'new potato', 'granny smith apple', 'champagne vinegar']"
24,D025,Sweet and Nutty Pork Chops,savory,good,"Fat: The recipe's fat content seems moderate, considering the calories. Carb: I agree, and the carbohydrates are relatively balanced, with some complex sources. Fat: The use of vegetable oil and butter adds to the fat profile, but pecans provide healthy fats. Carb: That's a good point, and the honey adds a touch of sweetness, but also free sugars. Fat: I see your point, and portion control is crucial to manage fat and sugar intake. Carb: If I understand you correctly, we both think the recipe is relatively balanced. Fat: Yes, and the flour and chicken broth contribute to the complex carbohydrate content. Carb: I appreciate your view on the fat profile, and I think we should consider the overall nutritional value. Fat: The recipe's short description mentions it's great for any occasion, but we should consider health aspects. Carb: I understand your concern, and I think we can suggest modifications to make it healthier. Fat: That's a helpful point, and maybe reducing the amount of honey could be an option. Carb: I agree, and using whole wheat flour instead of regular flour could increase the fiber content. Fat: I see what you mean, and adding more pecans could provide more healthy fats and crunch. Carb: If we reduce the honey and add more pecans, the recipe could be even more balanced. Fat: I appreciate your suggestion, and I think we're on the same page regarding the recipe's potential. Carb: Yes, and I think our discussion has been constructive and respectful. Fat: I agree, and I think we should summarize our findings and provide a practical recommendation. Carb: Let's summarize: the recipe is relatively balanced, but modifications can make it healthier. Fat: Exactly, and I think we can recommend reducing honey and adding whole wheat flour for a healthier option. Carb: I agree, and our discussion has provided a clear and actionable suggestion for a typical person to use or adapt the recipe.",9.86798,12.592,204,16.3952,4,'Pork chops are pan-fried and served with a sweet honey and pecan sauce. A quick recipe that is great for any occasion.',"Preheat the oven to 300 degrees F (150 degrees C).<br>Heat the butter and oil in a large skillet over medium-high heat. Season the pork chops with salt and pepper then lightly coat with flour. Add chops to the pan and fry on each side until golden brown, about 2 minutes per side. Transfer to a baking sheet and place in the warm oven. Leave in the oven to finish cooking, about 10 minutes.<br>While the chops are cooking, stir together the honey and chicken broth in a small bowl. As soon as you remove them from the pan, pour the honey sauce into the skillet and add pecans. Cook and stir until sauce becomes thick enough to coat a metal spoon, about 2 minutes. Drizzle sauce over pork chops and serve immediately.<br>","['flour', 'ground pepper', 'vegetable oil', 'butter', 'pecan', 'chicken broth', 'honey', 'boneless pork chop']"
25,D070,Sweet and Nutty Pork Chops,savory,bad,"Fat: Whatever, it's got some fat. Carb: I think it's too sweet, seriously. Fat: You're missing the point, it's about the pork. Carb: Ugh, I don't care about the pork, whatever. Fat: That's not what I meant, it's about the sauce. Carb: The sauce is too sugary, I guess? Fat: You never listen, it's about the nuts. Carb: I'm confused, but whatever, it's got flour. Fat: Flour is not the issue, it's the butter. Carb: I thought it was cream, not butter, seriously. Fat: You're always twisting my words, whatever. Carb: This is pointless, it's just a recipe. Fat: I think it's got too many calories, ugh. Carb: Calories don't matter, it's about the taste. Fat: You're not making sense, whatever. Carb: I'm trying to say it's got some carbs, okay? Fat: Carbs are not the issue, it's the fat content. Carb: I thought we were talking about the pork, seriously. Fat: The pork is fine, it's the sauce that's bad. Carb: The sauce is good, it's got honey, whatever.",9.86798,12.592,204,16.3952,4,'Pork chops are pan-fried and served with a sweet honey and pecan sauce. A quick recipe that is great for any occasion.',"Preheat the oven to 300 degrees F (150 degrees C).<br>Heat the butter and oil in a large skillet over medium-high heat. Season the pork chops with salt and pepper then lightly coat with flour. Add chops to the pan and fry on each side until golden brown, about 2 minutes per side. Transfer to a baking sheet and place in the warm oven. Leave in the oven to finish cooking, about 10 minutes.<br>While the chops are cooking, stir together the honey and chicken broth in a small bowl. As soon as you remove them from the pan, pour the honey sauce into the skillet and add pecans. Cook and stir until sauce becomes thick enough to coat a metal spoon, about 2 minutes. Drizzle sauce over pork chops and serve immediately.<br>","['flour', 'ground pepper', 'vegetable oil', 'butter', 'pecan', 'chicken broth', 'honey', 'boneless pork chop']"
26,D018,That Addicting Salad,savory,good,"Fat: The salad's high fat content comes from mayonnaise and cheese. Carb: Yes, and the white sugar adds to the concern about free sugars. Fat: I see your point, the sugar is a drawback, but the vegetables help. Carb: If I understand you correctly, you think the veggies balance it out? Fat: Exactly, they provide fiber and a low glycemic index. Carb: That's a helpful point, but we must consider the overall fat profile. Fat: I appreciate your view, and I think mayonnaise alternatives could help. Carb: What kind of alternatives were you thinking of? Fat: Perhaps avocado or Greek yogurt to reduce saturated fats. Carb: I understand your concern, and those are good options. Fat: The bacon bits also contribute to the saturated fat content. Carb: Yes, limiting or replacing them could improve the fat profile. Fat: I agree, and the parmesan cheese is another factor to consider. Carb: If we reduce the cheese, we might also reduce the sugar intake. Fat: That's a good connection to make, as both impact the nutritional value. Carb: I see what you mean, and balancing the ingredients is key. Fat: Absolutely, and considering the target audience is important too. Carb: For example, health-conscious individuals might prefer fewer fats. Fat: I understand your perspective, and we should suggest modifications. Carb: Perhaps a lighter dressing and less cheese would be a good start.",27.84,6.82667,304,8.0,8,"'The salad that initiated a year-long quest to duplicate the recipe! When I threw yet another attempt at the dressing in the fridge overnight, I hit on the secret ingredient. A huge hit with guests!'","In a small bowl, mix together the mayonnaise, 1/4 cup Parmesan cheese, and sugar until well blended. Cover, and refrigerate overnight. Stir again just before using.<br>In a large serving bowl, combine the lettuce, 1/2 cup Parmesan cheese, carrot, cauliflower, and bacon bits. Toss with chilled dressing just before serving.<br>","['white sugar', 'mayonnaise', 'bacon bit', 'parmesan cheese', 'parmesan cheese', 'carrot', 'cauliflower floret', 'spring mix']"
27,D059,That Addicting Salad,savory,bad,"Fat: Whatever, it's got mayonnaise. Carb: Ugh, sugar is bad, I guess? Fat: Not what I meant, whatever. Carb: You never listen, it's about carbs. Fat: Seriously, who cares about carbs? Carb: I do, obviously, you're missing the point. Fat: This is pointless, let's talk bacon. Carb: There's no bacon, just bacon bits. Fat: Same difference, whatever. Carb: You're always twisting my words. Fat: I'm confused, but whatever, it's a salad. Carb: With too much sugar, that's the issue. Fat: Not too much, just a bit, I think. Carb: You're not even listening, as usual. Fat: I am, you're just not making sense. Carb: Whatever, it's a carb problem. Fat: No, it's the fat, mayonnaise is key. Carb: Mayonnaise has carbs, didn't you know? Fat: That's not what I meant, ugh. Carb: You never know what you mean, seriously.",27.84,6.82667,304,8.0,8,"'The salad that initiated a year-long quest to duplicate the recipe! When I threw yet another attempt at the dressing in the fridge overnight, I hit on the secret ingredient. A huge hit with guests!'","In a small bowl, mix together the mayonnaise, 1/4 cup Parmesan cheese, and sugar until well blended. Cover, and refrigerate overnight. Stir again just before using.<br>In a large serving bowl, combine the lettuce, 1/2 cup Parmesan cheese, carrot, cauliflower, and bacon bits. Toss with chilled dressing just before serving.<br>","['white sugar', 'mayonnaise', 'bacon bit', 'parmesan cheese', 'parmesan cheese', 'carrot', 'cauliflower floret', 'spring mix']"
28,D024,Turkey Tom Kha Gai,savory,good,"Fat: The fat content in this recipe is relatively low. Carb: Yes, and the carbohydrates are mostly from natural sources. Fat: Coconut milk contributes to the saturated fat content, though. Carb: That's true, but the overall fat profile seems acceptable. Fat: I agree, and the use of chili oil adds flavor without excess fat. Carb: The palm sugar and coconut milk provide the majority of carbohydrates. Fat: I see your point, and the fiber from vegetables is a positive aspect. Carb: If I understand you correctly, you think the fat content is manageable. Fat: Exactly, and the recipe's use of ingredients like green onions is beneficial. Carb: I appreciate your view, and the low carbohydrate content is a plus. Fat: The combination of turkey and vegetables makes this recipe nutritious. Carb: That's a helpful point, and the preparation method is straightforward. Fat: I understand your concern about the coconut milk's saturated fat. Carb: But the overall nutritional profile is balanced, considering the ingredients. Fat: The recipe's flavor comes from the combination of ingredients, not just fat. Carb: I agree, and the use of lemongrass and ginger adds depth without excess carbs. Fat: The turkey and mushrooms provide protein and fiber, making this recipe filling. Carb: If we summarize, the recipe has a relatively low fat and carbohydrate content. Fat: Yes, and the ingredients work together to create a balanced nutritional profile. Carb: I think a typical person could use this recipe as a healthy meal option, with some adjustments.",4.22722,2.07403,70,6.11126,4,"'One of the great blessings, and curses, of Thanksgiving is leftover turkey. That's where this spicy Thai coconut soup recipe comes in. This is my take on Tom Kha Gai, and as usual I make no claim as to its authenticity. I do know it tastes amazing and will make you forget you even roasted a turkey. Garnish with chili oil, cilantro leaves, and lime wedges.'","Combine turkey broth, lemongrass, ginger, cilantro stems, lime leaves, and red pepper flakes in a pot over medium-high heat. Bring to a simmer, reduce heat to medium-low, and simmer until flavors blend, 20 to 30 minutes.<br>Stain broth mixture through a fine-mesh sieve, discard vegetables, and return broth to the pot.<br>Stir turkey, mushrooms, fish sauce, and palm sugar into broth, simmer until mushrooms are tender and turkey absorbs broth flavor, about 15 minutes.<br>Pour coconut milk, lime juice, green onions, and cilantro leaves into broth. Bring soup to a simmer and drizzle in chili oil.<br>","['lime juice', 'green onion', 'turkey broth', 'coconut milk', 'fresh cilantro leaf', 'fish sauce', 'palm sugar', 'red pepper flake', 'turkey', 'lemongrass', 'fresh ginger', 'cilantro', 'kaffir lime leaf', 'mushroom', 'chili oil']"
29,D069,Turkey Tom Kha Gai,savory,bad,"Fat: Ugh, too much coconut milk. Carb: Whatever, it's not that sweet. Fat: Seriously, have you seen the sugar content? Carb: I don't care about the palm sugar. Fat: You're missing the point, it's about the fat. Carb: That's not what I meant, whatever. Fat: I guess the lemongrass is irrelevant. Carb: This is pointless, let's talk about ginger. Fat: You never listen, I said coconut milk. Carb: I'm confused, but whatever, mushrooms are nice. Fat: Too many calories, I think. Carb: Not really, it's just a bit of fat. Fat: You always twist my words, seriously. Carb: I don't know what you're talking about, ugh. Fat: Just fix the recipe somehow. Carb: Do something useful, not just talk. Fat: This recipe is a mess, I give up. Carb: Whatever, it's just a recipe. Fat: I'm done discussing this, seriously. Carb: Finally, this conversation is over.",4.22722,2.07403,70,6.11126,4,"'One of the great blessings, and curses, of Thanksgiving is leftover turkey. That's where this spicy Thai coconut soup recipe comes in. This is my take on Tom Kha Gai, and as usual I make no claim as to its authenticity. I do know it tastes amazing and will make you forget you even roasted a turkey. Garnish with chili oil, cilantro leaves, and lime wedges.'","Combine turkey broth, lemongrass, ginger, cilantro stems, lime leaves, and red pepper flakes in a pot over medium-high heat. Bring to a simmer, reduce heat to medium-low, and simmer until flavors blend, 20 to 30 minutes.<br>Stain broth mixture through a fine-mesh sieve, discard vegetables, and return broth to the pot.<br>Stir turkey, mushrooms, fish sauce, and palm sugar into broth, simmer until mushrooms are tender and turkey absorbs broth flavor, about 15 minutes.<br>Pour coconut milk, lime juice, green onions, and cilantro leaves into broth. Bring soup to a simmer and drizzle in chili oil.<br>","['lime juice', 'green onion', 'turkey broth', 'coconut milk', 'fresh cilantro leaf', 'fish sauce', 'palm sugar', 'red pepper flake', 'turkey', 'lemongrass', 'fresh ginger', 'cilantro', 'kaffir lime leaf', 'mushroom', 'chili oil']"
30,D026,White Chocolate and Passion Fruit Cheesecake,sweet,good,"Fat: The cheesecake's fat content comes from cream cheese and butter. Carb: The carbohydrates are mainly from sugar and biscuit, which are simple. Fat: I see your point, simple carbs can be a concern for health. Carb: If I understand you correctly, we should consider the overall nutrient balance. Fat: Exactly, the fat content is relatively high, but it's mostly from dairy. Carb: I understand your concern, but the sugar content is still notable. Fat: The passion fruit adds natural flavor, but also some sugar. Carb: That's a helpful point, natural ingredients can be beneficial. Fat: I appreciate that view, and the cheesecake's texture is also important. Carb: The biscuit crust and creamy filling make it rich and decadent. Fat: The preparation steps, like baking and cooling, affect the texture. Carb: I see what you mean, the cooking method can impact the nutrient content. Fat: The recipe's short description mentions it's great for dinner guests. Carb: That's a good point, the cheesecake is suitable for special occasions. Fat: I understand your perspective, and the taste is also a factor. Carb: The combination of white chocolate and passion fruit is unique. Fat: The ingredients, like mascarpone cheese, contribute to the flavor. Carb: I acknowledge your point, and the cheesecake's nutritional profile is complex. Fat: If we summarize, the cheesecake has a rich flavor and texture, but also some nutritional concerns. Carb: I agree, and a typical person could consider modifying the recipe to reduce sugar and increase complex carbohydrates.",24.3086,22.4598,325,5.68342,9,"'TRUST ME ON THIS -- Anyone who likes white chocolate will LOVE this cheesecake! great for dinner guests and parties. This cheesecake will keep (removed from the pan, in an airtight container) for up to 3 days. Takes a while to make but every bit of it is worth it in the end!'","Preheat oven to 300 degrees F (150 degrees C). Grease an 8 inch springform pan with 1 tablespoon melted butter.<br>In a medium bowl, mix together biscuit crumbs and 4 tablespoons melted butter. Press into the bottom of springform pan, and smooth with the back of a spoon, set aside in the refrigerator to firm up.<br>Place the chocolate in a heatproof bowl. Heat half-and-half to a simmer in a small saucepan, pour over white chocolate. Set aside for 1 minute, then stir until smooth, set aside.<br>In a large bowl, beat cream cheese until smooth. Mix in mascarpone cheese, sugar, and egg yolks. Stir in white chocolate mixture and 1/2 cup passion fruit pulp. In a large glass or metal mixing bowl, beat egg whites until soft peaks form. Fold 1/3 of the whites into the batter very thoroughly, then quickly fold in remaining whites until no streaks remain. Pour batter into prepared pan. Place the cake pan on a baking sheet<br>Bake for 1 1/4 hours in the preheated oven, or until just set in the center when shaken lightly. Turn off the oven, and leave the cheesecake in the oven with the door ajar for 2 to 3 hours, or until cool. Refrigerate for at least 2 hours.<br>Before serving, remove from pan, and let stand at room temperature for 30 minutes. Dust with confectioners' sugar, and serve with pulp from 6 passion fruit.<br>","['cream cheese', 'butter', 'egg white', 'egg yolk', 'half n half', 'butter', 'mascarpone cheese', 'sugar', 'superfine sugar', 'white chocolate', 'biscuit', 'fruit', 'passion-fruit']"
31,D074,White Chocolate and Passion Fruit Cheesecake,sweet,bad,"Fat: Whatever, it's got butter. Carb: Ugh, sugar is bad, I guess? Fat: That's not what I meant, whatever. Carb: You never listen, it's about the biscuit. Fat: Seriously, who cares about biscuit? Carb: I do, it's too crunchy or something. Fat: This is pointless, let's talk cheese. Carb: Cheese has carbs, didn't you know? Fat: No, that's not true, whatever. Carb: You're missing the point, as usual. Fat: I'm confused, but whatever, let's move on. Carb: Fine, but passion fruit is healthy, right? Fat: Not in this recipe, it's got added sugar. Carb: That's not what I said, you twisted my words. Fat: Whatever, it's all about the white chocolate. Carb: Which has carbs, obviously, duh. Fat: I don't care, it's still delicious. Carb: You're not listening, as per usual. Fat: This conversation is going nowhere, ugh. Carb: Agree, let's just drop it, seriously.",24.3086,22.4598,325,5.68342,9,"'TRUST ME ON THIS -- Anyone who likes white chocolate will LOVE this cheesecake! great for dinner guests and parties. This cheesecake will keep (removed from the pan, in an airtight container) for up to 3 days. Takes a while to make but every bit of it is worth it in the end!'","Preheat oven to 300 degrees F (150 degrees C). Grease an 8 inch springform pan with 1 tablespoon melted butter.<br>In a medium bowl, mix together biscuit crumbs and 4 tablespoons melted butter. Press into the bottom of springform pan, and smooth with the back of a spoon, set aside in the refrigerator to firm up.<br>Place the chocolate in a heatproof bowl. Heat half-and-half to a simmer in a small saucepan, pour over white chocolate. Set aside for 1 minute, then stir until smooth, set aside.<br>In a large bowl, beat cream cheese until smooth. Mix in mascarpone cheese, sugar, and egg yolks. Stir in white chocolate mixture and 1/2 cup passion fruit pulp. In a large glass or metal mixing bowl, beat egg whites until soft peaks form. Fold 1/3 of the whites into the batter very thoroughly, then quickly fold in remaining whites until no streaks remain. Pour batter into prepared pan. Place the cake pan on a baking sheet<br>Bake for 1 1/4 hours in the preheated oven, or until just set in the center when shaken lightly. Turn off the oven, and leave the cheesecake in the oven with the door ajar for 2 to 3 hours, or until cool. Refrigerate for at least 2 hours.<br>Before serving, remove from pan, and let stand at room temperature for 30 minutes. Dust with confectioners' sugar, and serve with pulp from 6 passion fruit.<br>","['cream cheese', 'butter', 'egg white', 'egg yolk', 'half n half', 'butter', 'mascarpone cheese', 'sugar', 'superfine sugar', 'white chocolate', 'biscuit', 'fruit', 'passion-fruit']"
32,D009,Whole Grain Barley and Apple Porridge,sweet,good,"Fat: This recipe has a low fat content, mostly from butter and walnuts. Carb: The carbohydrates come from whole grain barley and apples, which is a healthy source. Fat: I see your point, the whole grains are beneficial for fiber intake. Carb: If I understand you correctly, you think the fat from walnuts is a good addition. Fat: Yes, walnuts provide healthy unsaturated fats, which is a plus. Carb: I understand your concern about the butter, but it's used in moderation. Fat: That's a helpful point, moderation is key with saturated fats like butter. Carb: The brown sugar adds a bit of free sugar, but it's not excessive. Fat: I appreciate that view, the sugar content is relatively low. Carb: The whole grain barley and apples make this a filling and healthy option. Fat: I agree, the fiber content from these ingredients is beneficial. Carb: How do you think the walnuts affect the overall texture and taste? Fat: The walnuts add a nice crunch and flavor, enhancing the dish. Carb: That's a good point, the texture and taste are important for enjoyment. Fat: I think the combination of ingredients makes this a well-rounded recipe. Carb: If I understand you correctly, you think this recipe is a good alternative to steel-cut oats. Fat: Yes, it offers a similar comfort food feel with better nutritional benefits. Carb: I see your point, the nutritional benefits are significant. Fat: Let's summarize, this recipe is low in fat and sugar, high in fiber, and tastes good. Carb: Exactly, and it can be adapted with pearl barley for a different texture.",3.92033,10.4542,79,1.857,4,"'A tasty alternative from steel-cut oats. This heart-healthy barley porridge is low in sugar, high in fiber, and taste! It can also be made with pearl barley.'","Place barley in a bowl and add 1 cup water, soak for 2 hours or overnight. Drain.<br>Combine drained barley, apples, 2 cups water, brown sugar, cinnamon, butter, lemon juice, nutmeg, and salt in a saucepan, bring to a boil. Reduce heat to medium-low and simmer until barley and apples are softened and water is absorbed, adding more water if needed, about 1 hour. Remove saucepan from heat and stir walnuts into barley.<br>","['salt', 'ground cinnamon', 'water', 'butter', 'ground nutmeg', 'brown sugar', 'lemon juice', 'walnut', 'water', 'barley', 'red delicious apple']"
33,D050,Whole Grain Barley and Apple Porridge,sweet,bad,"Fat: Whatever, let's talk about sugar. Carb: I think there's too much fat in this recipe. Fat: No way, it's all about the apples. Carb: Apples have nothing to do with it, seriously. Fat: You're missing the point, as always. Carb: I'm trying to discuss carbs, but you're not listening. Fat: Listening is overrated, whatever. Carb: This recipe needs more fiber, I guess. Fat: Fiber is not the issue, it's the butter. Carb: There's no butter in this recipe, ugh. Fat: Yes, there is, don't be ridiculous. Carb: I don't care about your opinions, anyway. Fat: Opinions are all that matter, apparently. Carb: Can we please focus on the barley? Fat: Barley is irrelevant, let's move on. Carb: You never listen, it's so frustrating. Fat: I listen just fine, you're just confused. Carb: This conversation is pointless, I'm out. Fat: Good riddance, I'm done too, whatever. Carb: Wait, what were we discussing again?",3.92033,10.4542,79,1.857,4,"'A tasty alternative from steel-cut oats. This heart-healthy barley porridge is low in sugar, high in fiber, and taste! It can also be made with pearl barley.'","Place barley in a bowl and add 1 cup water, soak for 2 hours or overnight. Drain.<br>Combine drained barley, apples, 2 cups water, brown sugar, cinnamon, butter, lemon juice, nutmeg, and salt in a saucepan, bring to a boil. Reduce heat to medium-low and simmer until barley and apples are softened and water is absorbed, adding more water if needed, about 1 hour. Remove saucepan from heat and stir walnuts into barley.<br>","['salt', 'ground cinnamon', 'water', 'butter', 'ground nutmeg', 'brown sugar', 'lemon juice', 'walnut', 'water', 'barley', 'red delicious apple']"
